benchmark,solver,wallclock time,result
cloud_new/non-incremental/QF_BV/smt-comp-061.smt2,cvc5gg,TIMEOUT,
cloud_new/non-incremental/QF_BV/smt-comp-061.smt2,par,TIMEOUT,
cloud_new/non-incremental/QF_BV/smt-comp-061.smt2,stp,1046.47,UNSATISFIABLE
cloud_new/non-incremental/UF/smt-comp-322.smt2,cvc5gg,TIMEOUT,
cloud_new/non-incremental/UF/smt-comp-322.smt2,par,TIMEOUT,
cloud_new/non-incremental/UF/smt-comp-322.smt2,vampirecloud,TIMEOUT,
cloud_new/non-incremental/AUFNIRA/smt-comp-035.smt2,cvc5gg,CRASHED,
cloud_new/non-incremental/AUFNIRA/smt-comp-035.smt2,par,TIMEOUT,
cloud_new/non-incremental/AUFNIRA/smt-comp-035.smt2,vampirecloud,TIMEOUT,
cloud_new/non-incremental/LRA/smt-comp-044.smt2,cvc5gg,CRASHED,
cloud_new/non-incremental/LRA/smt-comp-044.smt2,par,1.592,UNSATISFIABLE
cloud_new/non-incremental/LRA/smt-comp-044.smt2,vampirecloud,TIMEOUT,
cloud_new/non-incremental/AUFNIRA/smt-comp-215.smt2,cvc5gg,TIMEOUT,
cloud_new/non-incremental/AUFNIRA/smt-comp-215.smt2,par,TIMEOUT,
cloud_new/non-incremental/AUFNIRA/smt-comp-215.smt2,vampirecloud,TIMEOUT,
cloud_new/non-incremental/QF_IDL/smt-comp-085.smt2,cubeandconquer,461.592,SATISFIABLE
cloud_new/non-incremental/QF_IDL/smt-comp-085.smt2,portfolio,1212.385,SATISFIABLE
cloud_new/non-incremental/QF_IDL/smt-comp-085.smt2,cvc5gg,TIMEOUT,
cloud_new/non-incremental/QF_IDL/smt-comp-085.smt2,par,870.776,SATISFIABLE
cloud_new/non-incremental/UFLIA/smt-comp-156.smt2,cvc5gg,CRASHED,
cloud_new/non-incremental/UFLIA/smt-comp-156.smt2,par,919.249,UNSATISFIABLE
cloud_new/non-incremental/UFLIA/smt-comp-156.smt2,vampirecloud,651.363,UNSATISFIABLE
cloud_new/non-incremental/QF_LIA/smt-comp-270.smt2,cubeandconquer,509.766,SATISFIABLE
cloud_new/non-incremental/QF_LIA/smt-comp-270.smt2,portfolio,247.687,SATISFIABLE
cloud_new/non-incremental/QF_LIA/smt-comp-270.smt2,cvc5gg,TIMEOUT,
cloud_new/non-incremental/QF_LIA/smt-comp-270.smt2,par,TIMEOUT,
cloud_new/non-incremental/BV/smt-comp-036.smt2,cvc5gg,CRASHED,
cloud_new/non-incremental/BV/smt-comp-036.smt2,par,TIMEOUT,
cloud_new/non-incremental/QF_ABV/smt-comp-054.smt2,cvc5gg,TIMEOUT,
cloud_new/non-incremental/QF_ABV/smt-comp-054.smt2,par,TIMEOUT,
cloud_new/non-incremental/QF_NRA/smt-comp-299.smt2,cvc5gg,TIMEOUT,
cloud_new/non-incremental/QF_NRA/smt-comp-299.smt2,par,TIMEOUT,
cloud_new/non-incremental/LRA/smt-comp-229.smt2,cvc5gg,CRASHED,
cloud_new/non-incremental/LRA/smt-comp-229.smt2,par,1466.681,UNSATISFIABLE
cloud_new/non-incremental/LRA/smt-comp-229.smt2,vampirecloud,1380.121,UNSATISFIABLE
cloud_new/non-incremental/UFBV/smt-comp-328.smt2,cvc5gg,1.989,UNSATISFIABLE
cloud_new/non-incremental/UFBV/smt-comp-328.smt2,par,TIMEOUT,
cloud_new/non-incremental/QF_ABV/smt-comp-240.smt2,cvc5gg,TIMEOUT,
cloud_new/non-incremental/QF_ABV/smt-comp-240.smt2,par,1835.818,SATISFIABLE
cloud_new/non-incremental/AUFLIA/smt-comp-027.smt2,cvc5gg,TIMEOUT,
cloud_new/non-incremental/AUFLIA/smt-comp-027.smt2,vampirecloud,14.035,UNSATISFIABLE
cloud_new/non-incremental/QF_RDL/smt-comp-308.smt2,cubeandconquer,TIMEOUT,
cloud_new/non-incremental/QF_RDL/smt-comp-308.smt2,portfolio,TIMEOUT,
cloud_new/non-incremental/QF_RDL/smt-comp-308.smt2,cvc5gg,TIMEOUT,
cloud_new/non-incremental/QF_IDL/smt-comp-082.smt2,cubeandconquer,TIMEOUT,
cloud_new/non-incremental/QF_IDL/smt-comp-082.smt2,portfolio,TIMEOUT,
cloud_new/non-incremental/QF_IDL/smt-comp-082.smt2,cvc5gg,TIMEOUT,
cloud_new/non-incremental/QF_IDL/smt-comp-082.smt2,par,740.327,SATISFIABLE
cloud_new/non-incremental/QF_LRA/smt-comp-283.smt2,cubeandconquer,TIMEOUT,
cloud_new/non-incremental/QF_LRA/smt-comp-283.smt2,portfolio,TIMEOUT,
cloud_new/non-incremental/QF_LRA/smt-comp-283.smt2,cvc5gg,TIMEOUT,
cloud_new/non-incremental/QF_LRA/smt-comp-283.smt2,par,TIMEOUT,
cloud_new/non-incremental/AUFDTLIRA/smt-comp-174.smt2,cvc5gg,CRASHED,
cloud_new/non-incremental/AUFDTLIRA/smt-comp-174.smt2,vampirecloud,TIMEOUT,
cloud_new/non-incremental/UFDTNIRA/smt-comp-376.smt2,cvc5gg,TIMEOUT,
cloud_new/non-incremental/UFDTNIRA/smt-comp-376.smt2,vampirecloud,TIMEOUT,
cloud_new/non-incremental/LRA/smt-comp-048.smt2,cvc5gg,CRASHED,
cloud_new/non-incremental/LRA/smt-comp-048.smt2,par,TIMEOUT,
cloud_new/non-incremental/LRA/smt-comp-048.smt2,vampirecloud,41.084,UNSATISFIABLE
cloud_new/non-incremental/AUFDTLIRA/smt-comp-004.smt2,cvc5gg,CRASHED,
cloud_new/non-incremental/AUFDTLIRA/smt-comp-004.smt2,vampirecloud,184.533,UNSATISFIABLE
cloud_new/non-incremental/QF_RDL/smt-comp-301.smt2,cubeandconquer,TIMEOUT,
cloud_new/non-incremental/QF_RDL/smt-comp-301.smt2,portfolio,TIMEOUT,
cloud_new/non-incremental/QF_RDL/smt-comp-301.smt2,cvc5gg,TIMEOUT,
cloud_new/non-incremental/QF_NIA/smt-comp-109.smt2,cvc5gg,TIMEOUT,
cloud_new/non-incremental/QF_NIA/smt-comp-109.smt2,par,TIMEOUT,
cloud_new/non-incremental/AUFDTLIRA/smt-comp-000.smt2,cvc5gg,1.934,UNSATISFIABLE
cloud_new/non-incremental/AUFDTLIRA/smt-comp-000.smt2,vampirecloud,169.516,UNSATISFIABLE
cloud_new/non-incremental/AUFDTNIRA/smt-comp-018.smt2,cvc5gg,CRASHED,
cloud_new/non-incremental/AUFDTNIRA/smt-comp-018.smt2,vampirecloud,990.16,UNSATISFIABLE
cloud_new/non-incremental/BV/smt-comp-040.smt2,cvc5gg,TIMEOUT,
cloud_new/non-incremental/BV/smt-comp-040.smt2,par,1766.743,UNSATISFIABLE
cloud_new/non-incremental/UFDT/smt-comp-137.smt2,cvc5gg,CRASHED,
cloud_new/non-incremental/UFDT/smt-comp-137.smt2,vampirecloud,920.363,SATISFIABLE
cloud_new/non-incremental/QF_BV/smt-comp-064.smt2,cvc5gg,TIMEOUT,
cloud_new/non-incremental/QF_BV/smt-comp-064.smt2,par,TIMEOUT,
cloud_new/non-incremental/QF_BV/smt-comp-064.smt2,stp,TIMEOUT,
cloud_new/non-incremental/AUFLIRA/smt-comp-195.smt2,cvc5gg,1.98,UNSATISFIABLE
cloud_new/non-incremental/AUFLIRA/smt-comp-195.smt2,par,TIMEOUT,
cloud_new/non-incremental/AUFLIRA/smt-comp-195.smt2,vampirecloud,TIMEOUT,
cloud_new/non-incremental/UFLRA/smt-comp-401.smt2,cvc5gg,1.942,UNSATISFIABLE
cloud_new/non-incremental/UFLRA/smt-comp-401.smt2,vampirecloud,TIMEOUT,
cloud_new/non-incremental/UFDTLIRA/smt-comp-141.smt2,cvc5gg,2.024,UNSATISFIABLE
cloud_new/non-incremental/UFBV/smt-comp-332.smt2,cvc5gg,2.018,UNSATISFIABLE
cloud_new/non-incremental/UFBV/smt-comp-332.smt2,par,TIMEOUT,
cloud_new/non-incremental/AUFDTLIRA/smt-comp-172.smt2,cvc5gg,TIMEOUT,
cloud_new/non-incremental/AUFDTLIRA/smt-comp-172.smt2,vampirecloud,TIMEOUT,
cloud_new/non-incremental/AUFDTNIRA/smt-comp-015.smt2,cvc5gg,CRASHED,
cloud_new/non-incremental/AUFDTNIRA/smt-comp-015.smt2,vampirecloud,TIMEOUT,
cloud_new/non-incremental/LRA/smt-comp-231.smt2,cvc5gg,CRASHED,
cloud_new/non-incremental/LRA/smt-comp-231.smt2,par,1916.744,UNSATISFIABLE
cloud_new/non-incremental/LRA/smt-comp-231.smt2,vampirecloud,TIMEOUT,
cloud_new/non-incremental/AUFLIA/smt-comp-029.smt2,cvc5gg,TIMEOUT,
cloud_new/non-incremental/AUFLIA/smt-comp-029.smt2,vampirecloud,2.008,UNSATISFIABLE
cloud_new/non-incremental/UFNIA/smt-comp-406.smt2,cvc5gg,TIMEOUT,
cloud_new/non-incremental/UFNIA/smt-comp-406.smt2,par,TIMEOUT,
cloud_new/non-incremental/UFNIA/smt-comp-406.smt2,vampirecloud,TIMEOUT,
cloud_new/non-incremental/UFDTNIRA/smt-comp-381.smt2,cvc5gg,TIMEOUT,
cloud_new/non-incremental/UFDTNIRA/smt-comp-381.smt2,vampirecloud,TIMEOUT,
cloud_new/non-incremental/UFDTNIRA/smt-comp-380.smt2,cvc5gg,TIMEOUT,
cloud_new/non-incremental/UFDTNIRA/smt-comp-380.smt2,vampirecloud,TIMEOUT,
cloud_new/non-incremental/QF_FP/smt-comp-070.smt2,cvc5gg,TIMEOUT,
cloud_new/non-incremental/QF_FP/smt-comp-070.smt2,par,0.009,SATISFIABLE
cloud_new/non-incremental/UFDT/smt-comp-341.smt2,cvc5gg,TIMEOUT,
cloud_new/non-incremental/UFDT/smt-comp-341.smt2,vampirecloud,TIMEOUT,
cloud_new/non-incremental/QF_LIA/smt-comp-275.smt2,cubeandconquer,132.679,SATISFIABLE
cloud_new/non-incremental/QF_LIA/smt-comp-275.smt2,portfolio,63.96,SATISFIABLE
cloud_new/non-incremental/QF_LIA/smt-comp-275.smt2,cvc5gg,TIMEOUT,
cloud_new/non-incremental/QF_LIA/smt-comp-275.smt2,par,1296.856,SATISFIABLE
cloud_new/non-incremental/UFIDL/smt-comp-386.smt2,cvc5gg,1.994,UNSATISFIABLE
cloud_new/non-incremental/UFIDL/smt-comp-386.smt2,par,TIMEOUT,
cloud_new/non-incremental/UFIDL/smt-comp-386.smt2,vampirecloud,TIMEOUT,
cloud_new/non-incremental/UF/smt-comp-316.smt2,cvc5gg,TIMEOUT,
cloud_new/non-incremental/UF/smt-comp-316.smt2,par,TIMEOUT,
cloud_new/non-incremental/UF/smt-comp-316.smt2,vampirecloud,TIMEOUT,
cloud_new/non-incremental/QF_BV/smt-comp-248.smt2,cvc5gg,TIMEOUT,
cloud_new/non-incremental/QF_BV/smt-comp-248.smt2,par,TIMEOUT,
cloud_new/non-incremental/QF_BV/smt-comp-248.smt2,stp,CRASHED,
cloud_new/non-incremental/QF_ABV/smt-comp-238.smt2,cvc5gg,TIMEOUT,
cloud_new/non-incremental/QF_ABV/smt-comp-238.smt2,par,TIMEOUT,
cloud_new/non-incremental/AUFLIRA/smt-comp-199.smt2,cvc5gg,1.985,UNSATISFIABLE
cloud_new/non-incremental/AUFLIRA/smt-comp-199.smt2,par,TIMEOUT,
cloud_new/non-incremental/AUFLIRA/smt-comp-199.smt2,vampirecloud,TIMEOUT,
cloud_new/non-incremental/UFNIA/smt-comp-164.smt2,cvc5gg,2.002,UNSATISFIABLE
cloud_new/non-incremental/UFNIA/smt-comp-164.smt2,par,TIMEOUT,
cloud_new/non-incremental/UFNIA/smt-comp-164.smt2,vampirecloud,TIMEOUT,
cloud_new/non-incremental/QF_FP/smt-comp-256.smt2,cvc5gg,TIMEOUT,
cloud_new/non-incremental/QF_FP/smt-comp-256.smt2,par,0.008,SATISFIABLE
cloud_new/non-incremental/QF_IDL/smt-comp-267.smt2,cubeandconquer,TIMEOUT,
cloud_new/non-incremental/QF_IDL/smt-comp-267.smt2,portfolio,TIMEOUT,
cloud_new/non-incremental/QF_IDL/smt-comp-267.smt2,cvc5gg,TIMEOUT,
cloud_new/non-incremental/QF_IDL/smt-comp-267.smt2,par,TIMEOUT,
cloud_new/non-incremental/QF_NIA/smt-comp-106.smt2,cvc5gg,TIMEOUT,
cloud_new/non-incremental/QF_NIA/smt-comp-106.smt2,par,613.123,SATISFIABLE
cloud_new/non-incremental/QF_RDL/smt-comp-307.smt2,cubeandconquer,TIMEOUT,
cloud_new/non-incremental/QF_RDL/smt-comp-307.smt2,portfolio,TIMEOUT,
cloud_new/non-incremental/QF_RDL/smt-comp-307.smt2,cvc5gg,TIMEOUT,
cloud_new/non-incremental/LRA/smt-comp-046.smt2,cvc5gg,CRASHED,
cloud_new/non-incremental/LRA/smt-comp-046.smt2,par,600.899,SATISFIABLE
cloud_new/non-incremental/LRA/smt-comp-046.smt2,vampirecloud,TIMEOUT,
cloud_new/non-incremental/AUFDTLIRA/smt-comp-006.smt2,cvc5gg,2.001,UNSATISFIABLE
cloud_new/non-incremental/AUFDTLIRA/smt-comp-006.smt2,vampirecloud,TIMEOUT,
cloud_new/non-incremental/UFNIA/smt-comp-168.smt2,cvc5gg,CRASHED,
cloud_new/non-incremental/UFNIA/smt-comp-168.smt2,par,TIMEOUT,
cloud_new/non-incremental/UFNIA/smt-comp-168.smt2,vampirecloud,TIMEOUT,
cloud_new/non-incremental/AUFLIA/smt-comp-025.smt2,cvc5gg,TIMEOUT,
cloud_new/non-incremental/AUFLIA/smt-comp-025.smt2,vampirecloud,9.027,UNSATISFIABLE
cloud_new/non-incremental/AUFLIA/smt-comp-026.smt2,cvc5gg,TIMEOUT,
cloud_new/non-incremental/AUFLIA/smt-comp-026.smt2,vampirecloud,1.005,UNSATISFIABLE
cloud_new/non-incremental/AUFLIA/smt-comp-181.smt2,cvc5gg,2.563,UNSATISFIABLE
cloud_new/non-incremental/AUFLIA/smt-comp-181.smt2,vampirecloud,TIMEOUT,
cloud_new/non-incremental/QF_IDL/smt-comp-261.smt2,cubeandconquer,TIMEOUT,
cloud_new/non-incremental/QF_IDL/smt-comp-261.smt2,portfolio,TIMEOUT,
cloud_new/non-incremental/QF_IDL/smt-comp-261.smt2,cvc5gg,TIMEOUT,
cloud_new/non-incremental/QF_IDL/smt-comp-261.smt2,par,1900.851,UNSATISFIABLE
cloud_new/non-incremental/UFDT/smt-comp-133.smt2,cvc5gg,TIMEOUT,
cloud_new/non-incremental/UFDT/smt-comp-133.smt2,vampirecloud,2.008,UNSATISFIABLE
cloud_new/non-incremental/QF_BV/smt-comp-247.smt2,cvc5gg,TIMEOUT,
cloud_new/non-incremental/QF_BV/smt-comp-247.smt2,par,TIMEOUT,
cloud_new/non-incremental/QF_BV/smt-comp-247.smt2,stp,TIMEOUT,
cloud_new/non-incremental/UFDTLIRA/smt-comp-143.smt2,cvc5gg,2.405,UNSATISFIABLE
cloud_new/non-incremental/UFDTLIRA/smt-comp-143.smt2,vampirecloud,57.164,UNSATISFIABLE
cloud_new/non-incremental/UFDT/smt-comp-347.smt2,cvc5gg,1.978,UNSATISFIABLE
cloud_new/non-incremental/UFDT/smt-comp-347.smt2,vampirecloud,TIMEOUT,
cloud_new/non-incremental/UFDTLIA/smt-comp-360.smt2,cvc5gg,TIMEOUT,
cloud_new/non-incremental/QF_ABV/smt-comp-242.smt2,cvc5gg,TIMEOUT,
cloud_new/non-incremental/QF_ABV/smt-comp-242.smt2,par,TIMEOUT,
cloud_new/non-incremental/UFDTLIA/smt-comp-359.smt2,cvc5gg,TIMEOUT,
cloud_new/non-incremental/UFDTLIA/smt-comp-359.smt2,vampirecloud,TIMEOUT,
cloud_new/non-incremental/QF_RDL/smt-comp-118.smt2,cubeandconquer,TIMEOUT,
cloud_new/non-incremental/QF_RDL/smt-comp-118.smt2,portfolio,TIMEOUT,
cloud_new/non-incremental/QF_RDL/smt-comp-118.smt2,cvc5gg,TIMEOUT,
cloud_new/non-incremental/QF_NIA/smt-comp-290.smt2,cvc5gg,TIMEOUT,
cloud_new/non-incremental/QF_NIA/smt-comp-290.smt2,par,7.238,UNSATISFIABLE
cloud_new/non-incremental/UFBV/smt-comp-324.smt2,cvc5gg,TIMEOUT,
cloud_new/non-incremental/UFBV/smt-comp-324.smt2,par,TIMEOUT,
cloud_new/non-incremental/QF_NRA/smt-comp-292.smt2,cvc5gg,TIMEOUT,
cloud_new/non-incremental/QF_NRA/smt-comp-292.smt2,par,TIMEOUT,
cloud_new/non-incremental/QF_LIA/smt-comp-087.smt2,cubeandconquer,TIMEOUT,
cloud_new/non-incremental/QF_LIA/smt-comp-087.smt2,portfolio,TIMEOUT,
cloud_new/non-incremental/QF_LIA/smt-comp-087.smt2,cvc5gg,CRASHED,
cloud_new/non-incremental/QF_LIA/smt-comp-087.smt2,par,1497.001,UNSATISFIABLE
cloud_new/non-incremental/UFIDL/smt-comp-391.smt2,cvc5gg,TIMEOUT,
cloud_new/non-incremental/UFIDL/smt-comp-391.smt2,par,TIMEOUT,
cloud_new/non-incremental/UFIDL/smt-comp-391.smt2,vampirecloud,TIMEOUT,
cloud_new/non-incremental/QF_RDL/smt-comp-306.smt2,cubeandconquer,TIMEOUT,
cloud_new/non-incremental/QF_RDL/smt-comp-306.smt2,portfolio,TIMEOUT,
cloud_new/non-incremental/QF_RDL/smt-comp-306.smt2,cvc5gg,TIMEOUT,
cloud_new/non-incremental/QF_UFNRA/smt-comp-314.smt2,cvc5gg,TIMEOUT,
cloud_new/non-incremental/QF_UFNRA/smt-comp-314.smt2,par,1488.792,SATISFIABLE
cloud_new/non-incremental/UFDT/smt-comp-344.smt2,cvc5gg,TIMEOUT,
cloud_new/non-incremental/UFDT/smt-comp-344.smt2,vampirecloud,TIMEOUT,
cloud_new/non-incremental/UFNIA/smt-comp-165.smt2,cvc5gg,TIMEOUT,
cloud_new/non-incremental/UFNIA/smt-comp-165.smt2,par,TIMEOUT,
cloud_new/non-incremental/UFNIA/smt-comp-165.smt2,vampirecloud,TIMEOUT,
cloud_new/non-incremental/AUFDTNIRA/smt-comp-020.smt2,cvc5gg,CRASHED,
cloud_new/non-incremental/AUFDTNIRA/smt-comp-020.smt2,vampirecloud,TIMEOUT,
cloud_new/non-incremental/BV/smt-comp-221.smt2,cvc5gg,2.498,UNSATISFIABLE
cloud_new/non-incremental/BV/smt-comp-221.smt2,par,TIMEOUT,
cloud_new/non-incremental/UFDT/smt-comp-135.smt2,cvc5gg,TIMEOUT,
cloud_new/non-incremental/UFDT/smt-comp-135.smt2,vampirecloud,907.364,SATISFIABLE
cloud_new/non-incremental/UFDTLIA/smt-comp-357.smt2,cvc5gg,TIMEOUT,
cloud_new/non-incremental/UFDTLIA/smt-comp-357.smt2,vampirecloud,1.006,UNSATISFIABLE
cloud_new/non-incremental/UFNIA/smt-comp-404.smt2,cvc5gg,8.065,UNSATISFIABLE
cloud_new/non-incremental/UFNIA/smt-comp-404.smt2,par,TIMEOUT,
cloud_new/non-incremental/UFNIA/smt-comp-404.smt2,vampirecloud,TIMEOUT,
cloud_new/non-incremental/BV/smt-comp-219.smt2,cvc5gg,CRASHED,
cloud_new/non-incremental/BV/smt-comp-219.smt2,par,TIMEOUT,
cloud_new/non-incremental/QF_ABV/smt-comp-053.smt2,cvc5gg,TIMEOUT,
cloud_new/non-incremental/QF_ABV/smt-comp-053.smt2,par,525.934,UNSATISFIABLE
cloud_new/non-incremental/QF_LRA/smt-comp-281.smt2,cubeandconquer,TIMEOUT,
cloud_new/non-incremental/QF_LRA/smt-comp-281.smt2,portfolio,TIMEOUT,
cloud_new/non-incremental/QF_LRA/smt-comp-281.smt2,cvc5gg,TIMEOUT,
cloud_new/non-incremental/QF_LRA/smt-comp-281.smt2,par,30.039,SATISFIABLE
cloud_new/non-incremental/QF_BV/smt-comp-067.smt2,cvc5gg,TIMEOUT,
cloud_new/non-incremental/QF_BV/smt-comp-067.smt2,par,861.71,UNSATISFIABLE
cloud_new/non-incremental/QF_BV/smt-comp-067.smt2,stp,TIMEOUT,
cloud_new/non-incremental/NIA/smt-comp-232.smt2,cvc5gg,CRASHED,
cloud_new/non-incremental/NIA/smt-comp-232.smt2,vampirecloud,TIMEOUT,
cloud_new/non-incremental/QF_NIA/smt-comp-284.smt2,cvc5gg,TIMEOUT,
cloud_new/non-incremental/QF_NIA/smt-comp-284.smt2,par,5.58,SATISFIABLE
cloud_new/non-incremental/QF_NIA/smt-comp-103.smt2,cvc5gg,TIMEOUT,
cloud_new/non-incremental/QF_NIA/smt-comp-103.smt2,par,TIMEOUT,
cloud_new/non-incremental/AUFDTLIRA/smt-comp-002.smt2,cvc5gg,2.059,UNSATISFIABLE
cloud_new/non-incremental/AUFDTLIRA/smt-comp-002.smt2,vampirecloud,192.596,UNSATISFIABLE
cloud_new/non-incremental/QF_IDL/smt-comp-078.smt2,cubeandconquer,TIMEOUT,
cloud_new/non-incremental/QF_IDL/smt-comp-078.smt2,portfolio,TIMEOUT,
cloud_new/non-incremental/QF_IDL/smt-comp-078.smt2,cvc5gg,TIMEOUT,
cloud_new/non-incremental/QF_IDL/smt-comp-078.smt2,par,TIMEOUT,
cloud_new/non-incremental/QF_ABV/smt-comp-236.smt2,cvc5gg,TIMEOUT,
cloud_new/non-incremental/QF_ABV/smt-comp-236.smt2,par,TIMEOUT,
cloud_new/non-incremental/UFDT/smt-comp-340.smt2,cvc5gg,CRASHED,
cloud_new/non-incremental/UFDT/smt-comp-340.smt2,vampirecloud,TIMEOUT,
cloud_new/non-incremental/AUFNIA/smt-comp-201.smt2,cvc5gg,CRASHED,
cloud_new/non-incremental/AUFNIA/smt-comp-201.smt2,vampirecloud,241.23,UNSATISFIABLE
cloud_new/non-incremental/UFIDL/smt-comp-384.smt2,cvc5gg,1.949,UNSATISFIABLE
cloud_new/non-incremental/UFIDL/smt-comp-384.smt2,par,TIMEOUT,
cloud_new/non-incremental/UFIDL/smt-comp-384.smt2,vampirecloud,TIMEOUT,
cloud_new/non-incremental/UF/smt-comp-320.smt2,cvc5gg,TIMEOUT,
cloud_new/non-incremental/UF/smt-comp-320.smt2,par,TIMEOUT,
cloud_new/non-incremental/UF/smt-comp-320.smt2,vampirecloud,TIMEOUT,
cloud_new/non-incremental/UFDTNIRA/smt-comp-379.smt2,cvc5gg,1.981,UNSATISFIABLE
cloud_new/non-incremental/UFDTNIRA/smt-comp-379.smt2,vampirecloud,1346.968,UNSATISFIABLE
cloud_new/non-incremental/AUFDTLIRA/smt-comp-007.smt2,cvc5gg,2.021,UNSATISFIABLE
cloud_new/non-incremental/AUFDTLIRA/smt-comp-007.smt2,vampirecloud,160.458,UNSATISFIABLE
cloud_new/non-incremental/AUFNIRA/smt-comp-206.smt2,cvc5gg,TIMEOUT,
cloud_new/non-incremental/AUFNIRA/smt-comp-206.smt2,par,TIMEOUT,
cloud_new/non-incremental/AUFNIRA/smt-comp-206.smt2,vampirecloud,288.977,UNSATISFIABLE
cloud_new/non-incremental/QF_NIA/smt-comp-287.smt2,cvc5gg,TIMEOUT,
cloud_new/non-incremental/QF_NIA/smt-comp-287.smt2,par,TIMEOUT,
cloud_new/non-incremental/QF_ABV/smt-comp-235.smt2,cvc5gg,TIMEOUT,
cloud_new/non-incremental/QF_ABV/smt-comp-235.smt2,par,TIMEOUT,
cloud_new/non-incremental/UFDTLIRA/smt-comp-363.smt2,cvc5gg,1.995,UNSATISFIABLE
cloud_new/non-incremental/UFDTLIRA/smt-comp-363.smt2,vampirecloud,TIMEOUT,
cloud_new/non-incremental/AUFLIA/smt-comp-030.smt2,cvc5gg,TIMEOUT,
cloud_new/non-incremental/AUFLIA/smt-comp-030.smt2,vampirecloud,91.282,UNSATISFIABLE
cloud_new/non-incremental/UF/smt-comp-131.smt2,cvc5gg,TIMEOUT,
cloud_new/non-incremental/UF/smt-comp-131.smt2,par,TIMEOUT,
cloud_new/non-incremental/UF/smt-comp-131.smt2,vampirecloud,74.22,SATISFIABLE
cloud_new/non-incremental/QF_NIA/smt-comp-286.smt2,cvc5gg,TIMEOUT,
cloud_new/non-incremental/QF_NIA/smt-comp-286.smt2,par,TIMEOUT,
cloud_new/non-incremental/AUFDTNIRA/smt-comp-012.smt2,cvc5gg,CRASHED,
cloud_new/non-incremental/AUFDTNIRA/smt-comp-012.smt2,vampirecloud,TIMEOUT,
cloud_new/non-incremental/AUFNIRA/smt-comp-032.smt2,cvc5gg,TIMEOUT,
cloud_new/non-incremental/AUFNIRA/smt-comp-032.smt2,par,TIMEOUT,
cloud_new/non-incremental/AUFNIRA/smt-comp-032.smt2,vampirecloud,39.096,UNSATISFIABLE
cloud_new/non-incremental/UFDTLIRA/smt-comp-370.smt2,cvc5gg,1.956,UNSATISFIABLE
cloud_new/non-incremental/UFDTLIRA/smt-comp-370.smt2,vampirecloud,TIMEOUT,
cloud_new/non-incremental/UFNIA/smt-comp-408.smt2,cvc5gg,CRASHED,
cloud_new/non-incremental/UFNIA/smt-comp-408.smt2,par,TIMEOUT,
cloud_new/non-incremental/UFLIA/smt-comp-160.smt2,cvc5gg,TIMEOUT,
cloud_new/non-incremental/UFLIA/smt-comp-160.smt2,par,TIMEOUT,
cloud_new/non-incremental/UFLIA/smt-comp-160.smt2,vampirecloud,703.015,UNSATISFIABLE
cloud_new/non-incremental/UFNIA/smt-comp-161.smt2,cvc5gg,2.01,UNSATISFIABLE
cloud_new/non-incremental/UFNIA/smt-comp-161.smt2,par,TIMEOUT,
cloud_new/non-incremental/UFNIA/smt-comp-161.smt2,vampirecloud,TIMEOUT,
cloud_new/non-incremental/AUFLIA/smt-comp-182.smt2,cvc5gg,TIMEOUT,
cloud_new/non-incremental/AUFLIA/smt-comp-182.smt2,vampirecloud,TIMEOUT,
cloud_new/non-incremental/QF_NRA/smt-comp-116.smt2,cvc5gg,TIMEOUT,
cloud_new/non-incremental/QF_NRA/smt-comp-116.smt2,par,1237.287,SATISFIABLE
cloud_new/non-incremental/AUFLIA/smt-comp-031.smt2,cvc5gg,2.471,UNSATISFIABLE
cloud_new/non-incremental/AUFLIA/smt-comp-031.smt2,vampirecloud,1.005,UNSATISFIABLE
cloud_new/non-incremental/QF_RDL/smt-comp-300.smt2,cubeandconquer,TIMEOUT,
cloud_new/non-incremental/QF_RDL/smt-comp-300.smt2,portfolio,TIMEOUT,
cloud_new/non-incremental/QF_RDL/smt-comp-300.smt2,cvc5gg,TIMEOUT,
cloud_new/non-incremental/UFDT/smt-comp-342.smt2,cvc5gg,CRASHED,
cloud_new/non-incremental/UFDT/smt-comp-342.smt2,vampirecloud,TIMEOUT,
cloud_new/non-incremental/UFBV/smt-comp-326.smt2,cvc5gg,65.216,UNSATISFIABLE
cloud_new/non-incremental/UFBV/smt-comp-326.smt2,par,TIMEOUT,
cloud_new/non-incremental/AUFLIA/smt-comp-024.smt2,cvc5gg,TIMEOUT,
cloud_new/non-incremental/AUFLIA/smt-comp-024.smt2,vampirecloud,TIMEOUT,
cloud_new/non-incremental/UFDTLIRA/smt-comp-368.smt2,cvc5gg,1.949,UNSATISFIABLE
cloud_new/non-incremental/UFDTLIRA/smt-comp-368.smt2,vampirecloud,TIMEOUT,
cloud_new/non-incremental/AUFDTNIRA/smt-comp-011.smt2,cvc5gg,CRASHED,
cloud_new/non-incremental/AUFDTNIRA/smt-comp-011.smt2,vampirecloud,TIMEOUT,
cloud_new/non-incremental/UFDTNIRA/smt-comp-378.smt2,cvc5gg,CRASHED,
cloud_new/non-incremental/UFDTNIRA/smt-comp-378.smt2,vampirecloud,TIMEOUT,
cloud_new/non-incremental/UFDTLIRA/smt-comp-374.smt2,cvc5gg,1.986,UNSATISFIABLE
cloud_new/non-incremental/UFDTLIRA/smt-comp-374.smt2,vampirecloud,TIMEOUT,
cloud_new/non-incremental/AUFDTNIRA/smt-comp-008.smt2,cvc5gg,CRASHED,
cloud_new/non-incremental/UFLIA/smt-comp-399.smt2,cvc5gg,TIMEOUT,
cloud_new/non-incremental/UFLIA/smt-comp-399.smt2,par,TIMEOUT,
cloud_new/non-incremental/UFLIA/smt-comp-399.smt2,vampirecloud,TIMEOUT,
cloud_new/non-incremental/UFDT/smt-comp-134.smt2,cvc5gg,CRASHED,
cloud_new/non-incremental/UFDT/smt-comp-134.smt2,vampirecloud,914.496,SATISFIABLE
cloud_new/non-incremental/QF_ABV/smt-comp-059.smt2,cvc5gg,CRASHED,
cloud_new/non-incremental/QF_ABV/smt-comp-059.smt2,par,226.433,UNSATISFIABLE
cloud_new/non-incremental/AUFLIRA/smt-comp-200.smt2,cvc5gg,TIMEOUT,
cloud_new/non-incremental/AUFLIRA/smt-comp-200.smt2,par,TIMEOUT,
cloud_new/non-incremental/AUFLIRA/smt-comp-200.smt2,vampirecloud,TIMEOUT,
cloud_new/non-incremental/QF_LRA/smt-comp-099.smt2,cubeandconquer,383.121,UNSATISFIABLE
cloud_new/non-incremental/QF_LRA/smt-comp-099.smt2,portfolio,31.693,UNSATISFIABLE
cloud_new/non-incremental/QF_LRA/smt-comp-099.smt2,cvc5gg,TIMEOUT,
cloud_new/non-incremental/QF_LRA/smt-comp-099.smt2,par,TIMEOUT,
cloud_new/non-incremental/UFLIA/smt-comp-159.smt2,cvc5gg,TIMEOUT,
cloud_new/non-incremental/UFLIA/smt-comp-159.smt2,par,TIMEOUT,
cloud_new/non-incremental/UFLIA/smt-comp-159.smt2,vampirecloud,28.092,UNSATISFIABLE
cloud_new/non-incremental/UF/smt-comp-125.smt2,cvc5gg,TIMEOUT,
cloud_new/non-incremental/UF/smt-comp-125.smt2,par,TIMEOUT,
cloud_new/non-incremental/UF/smt-comp-125.smt2,vampirecloud,22.088,SATISFIABLE
cloud_new/non-incremental/AUFDTNIRA/smt-comp-017.smt2,cvc5gg,CRASHED,
cloud_new/non-incremental/QF_FP/smt-comp-077.smt2,cvc5gg,716.834,UNSATISFIABLE
cloud_new/non-incremental/QF_FP/smt-comp-077.smt2,par,0.009,SATISFIABLE
cloud_new/non-incremental/LRA/smt-comp-049.smt2,cvc5gg,CRASHED,
cloud_new/non-incremental/LRA/smt-comp-049.smt2,par,1880.196,UNSATISFIABLE
cloud_new/non-incremental/UFDT/smt-comp-136.smt2,cvc5gg,TIMEOUT,
cloud_new/non-incremental/UFDT/smt-comp-136.smt2,vampirecloud,95.265,UNSATISFIABLE
cloud_new/non-incremental/UFDT/smt-comp-346.smt2,cvc5gg,TIMEOUT,
cloud_new/non-incremental/UFDT/smt-comp-346.smt2,vampirecloud,TIMEOUT,
cloud_new/non-incremental/UFDT/smt-comp-139.smt2,cvc5gg,TIMEOUT,
cloud_new/non-incremental/UFDT/smt-comp-139.smt2,vampirecloud,1.005,UNSATISFIABLE
cloud_new/non-incremental/AUFLIA/smt-comp-183.smt2,cvc5gg,TIMEOUT,
cloud_new/non-incremental/AUFLIA/smt-comp-183.smt2,vampirecloud,TIMEOUT,
cloud_new/non-incremental/AUFLIA/smt-comp-184.smt2,cvc5gg,TIMEOUT,
cloud_new/non-incremental/AUFLIA/smt-comp-184.smt2,vampirecloud,TIMEOUT,
cloud_new/non-incremental/UFDTNIRA/smt-comp-150.smt2,cvc5gg,CRASHED,
cloud_new/non-incremental/UFDTNIRA/smt-comp-150.smt2,vampirecloud,TIMEOUT,
cloud_new/non-incremental/QF_FP/smt-comp-074.smt2,cvc5gg,568.028,UNSATISFIABLE
cloud_new/non-incremental/QF_FP/smt-comp-074.smt2,par,0.008,SATISFIABLE
cloud_new/non-incremental/QF_BV/smt-comp-249.smt2,cvc5gg,TIMEOUT,
cloud_new/non-incremental/QF_BV/smt-comp-249.smt2,par,TIMEOUT,
cloud_new/non-incremental/QF_BV/smt-comp-249.smt2,stp,TIMEOUT,
cloud_new/non-incremental/AUFLIRA/smt-comp-186.smt2,cvc5gg,TIMEOUT,
cloud_new/non-incremental/AUFLIRA/smt-comp-186.smt2,par,TIMEOUT,
cloud_new/non-incremental/AUFLIRA/smt-comp-186.smt2,vampirecloud,TIMEOUT,
cloud_new/non-incremental/AUFLIA/smt-comp-028.smt2,cvc5gg,TIMEOUT,
cloud_new/non-incremental/AUFLIA/smt-comp-028.smt2,vampirecloud,50.129,UNSATISFIABLE
cloud_new/non-incremental/QF_IDL/smt-comp-264.smt2,cubeandconquer,TIMEOUT,
cloud_new/non-incremental/QF_IDL/smt-comp-264.smt2,portfolio,1821.434,SATISFIABLE
cloud_new/non-incremental/QF_IDL/smt-comp-264.smt2,cvc5gg,TIMEOUT,
cloud_new/non-incremental/QF_IDL/smt-comp-264.smt2,par,TIMEOUT,
cloud_new/non-incremental/QF_NIA/smt-comp-104.smt2,cvc5gg,TIMEOUT,
cloud_new/non-incremental/QF_NIA/smt-comp-104.smt2,par,TIMEOUT,
cloud_new/non-incremental/AUFLIRA/smt-comp-190.smt2,cvc5gg,TIMEOUT,
cloud_new/non-incremental/AUFLIRA/smt-comp-190.smt2,par,TIMEOUT,
cloud_new/non-incremental/AUFLIRA/smt-comp-190.smt2,vampirecloud,TIMEOUT,
cloud_new/non-incremental/UFNIA/smt-comp-407.smt2,cvc5gg,CRASHED,
cloud_new/non-incremental/UFNIA/smt-comp-407.smt2,par,TIMEOUT,
cloud_new/non-incremental/UFNIA/smt-comp-407.smt2,vampirecloud,TIMEOUT,
cloud_new/non-incremental/QF_IDL/smt-comp-083.smt2,cubeandconquer,TIMEOUT,
cloud_new/non-incremental/QF_IDL/smt-comp-083.smt2,portfolio,TIMEOUT,
cloud_new/non-incremental/QF_IDL/smt-comp-083.smt2,cvc5gg,TIMEOUT,
cloud_new/non-incremental/QF_IDL/smt-comp-083.smt2,par,393.636,UNSATISFIABLE
cloud_new/non-incremental/BV/smt-comp-216.smt2,cvc5gg,CRASHED,
cloud_new/non-incremental/BV/smt-comp-216.smt2,par,TIMEOUT,
cloud_new/non-incremental/UFNIA/smt-comp-405.smt2,cvc5gg,3.308,UNSATISFIABLE
cloud_new/non-incremental/UFNIA/smt-comp-405.smt2,par,TIMEOUT,
cloud_new/non-incremental/UFNIA/smt-comp-405.smt2,vampirecloud,TIMEOUT,
cloud_new/non-incremental/QF_LIA/smt-comp-272.smt2,cubeandconquer,TIMEOUT,
cloud_new/non-incremental/QF_LIA/smt-comp-272.smt2,portfolio,TIMEOUT,
cloud_new/non-incremental/QF_LIA/smt-comp-272.smt2,cvc5gg,TIMEOUT,
cloud_new/non-incremental/QF_LIA/smt-comp-272.smt2,par,TIMEOUT,
cloud_new/non-incremental/UFIDL/smt-comp-387.smt2,cvc5gg,1.969,UNSATISFIABLE
cloud_new/non-incremental/UFIDL/smt-comp-387.smt2,par,TIMEOUT,
cloud_new/non-incremental/UFIDL/smt-comp-387.smt2,vampirecloud,TIMEOUT,
cloud_new/non-incremental/UFLIA/smt-comp-157.smt2,cvc5gg,TIMEOUT,
cloud_new/non-incremental/UFLIA/smt-comp-157.smt2,par,TIMEOUT,
cloud_new/non-incremental/UFLIA/smt-comp-157.smt2,vampirecloud,3.011,UNSATISFIABLE
cloud_new/non-incremental/UFDTLIA/smt-comp-352.smt2,cvc5gg,TIMEOUT,
cloud_new/non-incremental/UFDTLIA/smt-comp-352.smt2,vampirecloud,TIMEOUT,
cloud_new/non-incremental/QF_LIA/smt-comp-269.smt2,cubeandconquer,209.012,SATISFIABLE
cloud_new/non-incremental/QF_LIA/smt-comp-269.smt2,portfolio,141.102,SATISFIABLE
cloud_new/non-incremental/QF_LIA/smt-comp-269.smt2,cvc5gg,TIMEOUT,
cloud_new/non-incremental/QF_LIA/smt-comp-269.smt2,par,TIMEOUT,
cloud_new/non-incremental/AUFDTLIRA/smt-comp-001.smt2,cvc5gg,1.98,UNSATISFIABLE
cloud_new/non-incremental/AUFDTLIRA/smt-comp-001.smt2,vampirecloud,166.424,UNSATISFIABLE
cloud_new/non-incremental/QF_LIA/smt-comp-092.smt2,cubeandconquer,265.859,SATISFIABLE
cloud_new/non-incremental/QF_LIA/smt-comp-092.smt2,portfolio,227.022,SATISFIABLE
cloud_new/non-incremental/QF_LIA/smt-comp-092.smt2,cvc5gg,TIMEOUT,
cloud_new/non-incremental/QF_LIA/smt-comp-092.smt2,par,TIMEOUT,
cloud_new/non-incremental/QF_BVFP/smt-comp-251.smt2,cvc5gg,TIMEOUT,
cloud_new/non-incremental/QF_BVFP/smt-comp-251.smt2,par,0.008,SATISFIABLE
cloud_new/non-incremental/AUFNIRA/smt-comp-033.smt2,cvc5gg,TIMEOUT,
cloud_new/non-incremental/AUFNIRA/smt-comp-033.smt2,par,TIMEOUT,
cloud_new/non-incremental/AUFNIRA/smt-comp-033.smt2,vampirecloud,4.013,UNSATISFIABLE
cloud_new/non-incremental/UFLRA/smt-comp-400.smt2,cvc5gg,1.972,UNSATISFIABLE
cloud_new/non-incremental/UFLRA/smt-comp-400.smt2,vampirecloud,TIMEOUT,
cloud_new/non-incremental/QF_NRA/smt-comp-113.smt2,cvc5gg,TIMEOUT,
cloud_new/non-incremental/QF_NRA/smt-comp-113.smt2,par,617.523,UNSATISFIABLE
cloud_new/non-incremental/UFBV/smt-comp-327.smt2,cvc5gg,2.011,UNSATISFIABLE
cloud_new/non-incremental/UFBV/smt-comp-327.smt2,par,TIMEOUT,
cloud_new/non-incremental/AUFLIRA/smt-comp-187.smt2,cvc5gg,TIMEOUT,
cloud_new/non-incremental/AUFLIRA/smt-comp-187.smt2,par,TIMEOUT,
cloud_new/non-incremental/AUFLIRA/smt-comp-187.smt2,vampirecloud,TIMEOUT,
cloud_new/non-incremental/QF_IDL/smt-comp-266.smt2,cubeandconquer,TIMEOUT,
cloud_new/non-incremental/QF_IDL/smt-comp-266.smt2,portfolio,TIMEOUT,
cloud_new/non-incremental/QF_IDL/smt-comp-266.smt2,cvc5gg,TIMEOUT,
cloud_new/non-incremental/QF_IDL/smt-comp-266.smt2,par,TIMEOUT,
cloud_new/non-incremental/AUFDTLIRA/smt-comp-005.smt2,cvc5gg,2.008,UNSATISFIABLE
cloud_new/non-incremental/AUFDTLIRA/smt-comp-005.smt2,vampirecloud,176.632,UNSATISFIABLE
cloud_new/non-incremental/AUFNIRA/smt-comp-213.smt2,cvc5gg,CRASHED,
cloud_new/non-incremental/AUFNIRA/smt-comp-213.smt2,par,TIMEOUT,
cloud_new/non-incremental/AUFNIRA/smt-comp-213.smt2,vampirecloud,332.338,UNSATISFIABLE
cloud_new/non-incremental/UFDTLIA/smt-comp-349.smt2,cvc5gg,TIMEOUT,
cloud_new/non-incremental/UFDTLIA/smt-comp-349.smt2,vampirecloud,TIMEOUT,
cloud_new/non-incremental/AUFLIRA/smt-comp-188.smt2,cvc5gg,TIMEOUT,
cloud_new/non-incremental/AUFLIRA/smt-comp-188.smt2,par,TIMEOUT,
cloud_new/non-incremental/AUFLIRA/smt-comp-188.smt2,vampirecloud,TIMEOUT,
cloud_new/non-incremental/QF_BV/smt-comp-243.smt2,cvc5gg,TIMEOUT,
cloud_new/non-incremental/QF_BV/smt-comp-243.smt2,par,TIMEOUT,
cloud_new/non-incremental/QF_BV/smt-comp-243.smt2,stp,CRASHED,
cloud_new/non-incremental/QF_RDL/smt-comp-302.smt2,cubeandconquer,TIMEOUT,
cloud_new/non-incremental/QF_RDL/smt-comp-302.smt2,portfolio,TIMEOUT,
cloud_new/non-incremental/QF_RDL/smt-comp-302.smt2,cvc5gg,TIMEOUT,
cloud_new/non-incremental/QF_ABV/smt-comp-237.smt2,cvc5gg,TIMEOUT,
cloud_new/non-incremental/QF_ABV/smt-comp-237.smt2,par,TIMEOUT,
cloud_new/non-incremental/QF_NRA/smt-comp-111.smt2,cvc5gg,39.704,UNSATISFIABLE
cloud_new/non-incremental/QF_NRA/smt-comp-111.smt2,par,268.952,UNSATISFIABLE
cloud_new/non-incremental/UFDTNIRA/smt-comp-148.smt2,cvc5gg,CRASHED,
cloud_new/non-incremental/UFDTNIRA/smt-comp-148.smt2,vampirecloud,TIMEOUT,
cloud_new/non-incremental/QF_IDL/smt-comp-084.smt2,cubeandconquer,TIMEOUT,
cloud_new/non-incremental/QF_IDL/smt-comp-084.smt2,portfolio,TIMEOUT,
cloud_new/non-incremental/QF_IDL/smt-comp-084.smt2,cvc5gg,TIMEOUT,
cloud_new/non-incremental/QF_IDL/smt-comp-084.smt2,par,931.149,UNSATISFIABLE
cloud_new/non-incremental/QF_NRA/smt-comp-297.smt2,cvc5gg,PARSE_ERROR,UNSATISFIABLE
cloud_new/non-incremental/QF_NRA/smt-comp-297.smt2,par,TIMEOUT,
cloud_new/non-incremental/QF_LIA/smt-comp-089.smt2,cubeandconquer,TIMEOUT,
cloud_new/non-incremental/QF_LIA/smt-comp-089.smt2,portfolio,TIMEOUT,
cloud_new/non-incremental/QF_LIA/smt-comp-089.smt2,cvc5gg,CRASHED,
cloud_new/non-incremental/QF_LIA/smt-comp-089.smt2,par,574.185,UNSATISFIABLE
cloud_new/non-incremental/UFDTLIRA/smt-comp-365.smt2,cvc5gg,1.971,UNSATISFIABLE
cloud_new/non-incremental/UFDTLIRA/smt-comp-365.smt2,vampirecloud,TIMEOUT,
cloud_new/non-incremental/BV/smt-comp-217.smt2,cvc5gg,CRASHED,
cloud_new/non-incremental/BV/smt-comp-217.smt2,par,748.53,UNSATISFIABLE
cloud_new/non-incremental/UFBV/smt-comp-329.smt2,cvc5gg,1.974,UNSATISFIABLE
cloud_new/non-incremental/UFBV/smt-comp-329.smt2,par,TIMEOUT,
cloud_new/non-incremental/QF_LRA/smt-comp-280.smt2,cubeandconquer,TIMEOUT,
cloud_new/non-incremental/QF_LRA/smt-comp-280.smt2,portfolio,TIMEOUT,
cloud_new/non-incremental/QF_LRA/smt-comp-280.smt2,cvc5gg,TIMEOUT,
cloud_new/non-incremental/QF_LRA/smt-comp-280.smt2,par,23.993,SATISFIABLE
cloud_new/non-incremental/QF_UFNRA/smt-comp-120.smt2,cvc5gg,CRASHED,
cloud_new/non-incremental/QF_UFNRA/smt-comp-120.smt2,par,690.873,SATISFIABLE
cloud_new/non-incremental/UFDTLIRA/smt-comp-375.smt2,cvc5gg,1.946,UNSATISFIABLE
cloud_new/non-incremental/UFDTLIRA/smt-comp-375.smt2,vampirecloud,TIMEOUT,
cloud_new/non-incremental/UF/smt-comp-323.smt2,cvc5gg,TIMEOUT,
cloud_new/non-incremental/UF/smt-comp-323.smt2,par,TIMEOUT,
cloud_new/non-incremental/UF/smt-comp-323.smt2,vampirecloud,TIMEOUT,
cloud_new/non-incremental/UFIDL/smt-comp-152.smt2,cvc5gg,TIMEOUT,
cloud_new/non-incremental/UFIDL/smt-comp-152.smt2,par,480.354,SATISFIABLE
cloud_new/non-incremental/UFIDL/smt-comp-152.smt2,vampirecloud,TIMEOUT,
cloud_new/non-incremental/QF_IDL/smt-comp-081.smt2,cubeandconquer,TIMEOUT,
cloud_new/non-incremental/QF_IDL/smt-comp-081.smt2,portfolio,TIMEOUT,
cloud_new/non-incremental/QF_IDL/smt-comp-081.smt2,cvc5gg,1435.458,UNSATISFIABLE
cloud_new/non-incremental/QF_IDL/smt-comp-081.smt2,par,879.733,UNSATISFIABLE
cloud_new/non-incremental/QF_ABV/smt-comp-058.smt2,cvc5gg,CRASHED,
cloud_new/non-incremental/QF_ABV/smt-comp-058.smt2,par,169.448,SATISFIABLE
cloud_new/non-incremental/UFDTLIA/smt-comp-140.smt2,cvc5gg,TIMEOUT,
cloud_new/non-incremental/UFDTLIA/smt-comp-140.smt2,vampirecloud,TIMEOUT,
cloud_new/non-incremental/UFDTNIRA/smt-comp-383.smt2,cvc5gg,1.944,UNSATISFIABLE
cloud_new/non-incremental/UFDTNIRA/smt-comp-383.smt2,vampirecloud,TIMEOUT,
cloud_new/non-incremental/QF_LIA/smt-comp-090.smt2,cubeandconquer,TIMEOUT,
cloud_new/non-incremental/QF_LIA/smt-comp-090.smt2,portfolio,TIMEOUT,
cloud_new/non-incremental/QF_LIA/smt-comp-090.smt2,cvc5gg,CRASHED,
cloud_new/non-incremental/QF_LIA/smt-comp-090.smt2,par,558.569,UNSATISFIABLE
cloud_new/non-incremental/QF_NRA/smt-comp-112.smt2,cvc5gg,TIMEOUT,
cloud_new/non-incremental/QF_NRA/smt-comp-112.smt2,par,1135.683,SATISFIABLE
cloud_new/non-incremental/UFLIA/smt-comp-155.smt2,cvc5gg,TIMEOUT,
cloud_new/non-incremental/UFLIA/smt-comp-155.smt2,par,TIMEOUT,
cloud_new/non-incremental/UFLIA/smt-comp-155.smt2,vampirecloud,38.112,UNSATISFIABLE
cloud_new/non-incremental/QF_LRA/smt-comp-100.smt2,cubeandconquer,223.825,UNSATISFIABLE
cloud_new/non-incremental/QF_LRA/smt-comp-100.smt2,portfolio,125.508,UNSATISFIABLE
cloud_new/non-incremental/QF_LRA/smt-comp-100.smt2,cvc5gg,838.936,UNSATISFIABLE
cloud_new/non-incremental/QF_LRA/smt-comp-100.smt2,par,131.625,UNSATISFIABLE
cloud_new/non-incremental/UFLIA/smt-comp-395.smt2,cvc5gg,TIMEOUT,
cloud_new/non-incremental/UFLIA/smt-comp-395.smt2,par,TIMEOUT,
cloud_new/non-incremental/UFLIA/smt-comp-395.smt2,vampirecloud,TIMEOUT,
cloud_new/non-incremental/AUFNIRA/smt-comp-207.smt2,cvc5gg,TIMEOUT,
cloud_new/non-incremental/AUFNIRA/smt-comp-207.smt2,par,TIMEOUT,
cloud_new/non-incremental/AUFNIRA/smt-comp-207.smt2,vampirecloud,1476.718,UNSATISFIABLE
cloud_new/non-incremental/LRA/smt-comp-224.smt2,cvc5gg,CRASHED,
cloud_new/non-incremental/LRA/smt-comp-224.smt2,par,0.08,UNSATISFIABLE
cloud_new/non-incremental/LRA/smt-comp-224.smt2,vampirecloud,70.203,UNSATISFIABLE
cloud_new/non-incremental/UFNIA/smt-comp-167.smt2,cvc5gg,TIMEOUT,
cloud_new/non-incremental/UFNIA/smt-comp-167.smt2,par,TIMEOUT,
cloud_new/non-incremental/UFNIA/smt-comp-167.smt2,vampirecloud,TIMEOUT,
cloud_new/non-incremental/AUFNIRA/smt-comp-034.smt2,cvc5gg,CRASHED,
cloud_new/non-incremental/AUFNIRA/smt-comp-034.smt2,par,TIMEOUT,
cloud_new/non-incremental/AUFNIRA/smt-comp-034.smt2,vampirecloud,354.153,UNSATISFIABLE
cloud_new/non-incremental/UFDTNIRA/smt-comp-382.smt2,cvc5gg,CRASHED,
cloud_new/non-incremental/UFDTNIRA/smt-comp-382.smt2,vampirecloud,TIMEOUT,
cloud_new/non-incremental/AUFNIRA/smt-comp-209.smt2,cvc5gg,CRASHED,
cloud_new/non-incremental/AUFNIRA/smt-comp-209.smt2,par,TIMEOUT,
cloud_new/non-incremental/AUFNIRA/smt-comp-209.smt2,vampirecloud,TIMEOUT,
cloud_new/non-incremental/AUFLIRA/smt-comp-194.smt2,cvc5gg,TIMEOUT,
cloud_new/non-incremental/AUFLIRA/smt-comp-194.smt2,par,TIMEOUT,
cloud_new/non-incremental/AUFLIRA/smt-comp-194.smt2,vampirecloud,37.091,UNSATISFIABLE
cloud_new/non-incremental/QF_RDL/smt-comp-119.smt2,cubeandconquer,TIMEOUT,
cloud_new/non-incremental/QF_RDL/smt-comp-119.smt2,portfolio,1487.868,SATISFIABLE
cloud_new/non-incremental/QF_RDL/smt-comp-119.smt2,cvc5gg,TIMEOUT,
cloud_new/non-incremental/AUFDTNIRA/smt-comp-016.smt2,cvc5gg,CRASHED,
cloud_new/non-incremental/AUFDTNIRA/smt-comp-016.smt2,vampirecloud,177.449,UNSATISFIABLE
cloud_new/non-incremental/BV/smt-comp-041.smt2,cvc5gg,CRASHED,
cloud_new/non-incremental/BV/smt-comp-041.smt2,par,TIMEOUT,
cloud_new/non-incremental/QF_LRA/smt-comp-098.smt2,cubeandconquer,32.215,UNSATISFIABLE
cloud_new/non-incremental/QF_LRA/smt-comp-098.smt2,portfolio,38.28,UNSATISFIABLE
cloud_new/non-incremental/QF_LRA/smt-comp-098.smt2,cvc5gg,TIMEOUT,
cloud_new/non-incremental/QF_LRA/smt-comp-098.smt2,par,474.126,UNSATISFIABLE
cloud_new/non-incremental/UFLIA/smt-comp-397.smt2,cvc5gg,TIMEOUT,
cloud_new/non-incremental/UFLIA/smt-comp-397.smt2,par,TIMEOUT,
cloud_new/non-incremental/UFLIA/smt-comp-397.smt2,vampirecloud,TIMEOUT,
cloud_new/non-incremental/UFDTLIRA/smt-comp-369.smt2,cvc5gg,1.959,UNSATISFIABLE
cloud_new/non-incremental/UFDTLIRA/smt-comp-369.smt2,vampirecloud,TIMEOUT,
cloud_new/non-incremental/NRA/smt-comp-233.smt2,cvc5gg,CRASHED,
cloud_new/non-incremental/NRA/smt-comp-233.smt2,par,TIMEOUT,
cloud_new/non-incremental/NRA/smt-comp-233.smt2,vampirecloud,TIMEOUT,
cloud_new/non-incremental/QF_IDL/smt-comp-079.smt2,cubeandconquer,TIMEOUT,
cloud_new/non-incremental/QF_IDL/smt-comp-079.smt2,portfolio,TIMEOUT,
cloud_new/non-incremental/QF_IDL/smt-comp-079.smt2,cvc5gg,TIMEOUT,
cloud_new/non-incremental/QF_IDL/smt-comp-079.smt2,par,TIMEOUT,
cloud_new/non-incremental/UFDTNIRA/smt-comp-151.smt2,cvc5gg,CRASHED,
cloud_new/non-incremental/UFDTNIRA/smt-comp-151.smt2,vampirecloud,TIMEOUT,
cloud_new/non-incremental/UFBV/smt-comp-335.smt2,cvc5gg,2.148,UNSATISFIABLE
cloud_new/non-incremental/UFBV/smt-comp-335.smt2,par,TIMEOUT,
cloud_new/non-incremental/UFBV/smt-comp-331.smt2,cvc5gg,1.992,UNSATISFIABLE
cloud_new/non-incremental/UFBV/smt-comp-331.smt2,par,TIMEOUT,
cloud_new/non-incremental/UF/smt-comp-127.smt2,cvc5gg,TIMEOUT,
cloud_new/non-incremental/UF/smt-comp-127.smt2,par,TIMEOUT,
cloud_new/non-incremental/UF/smt-comp-127.smt2,vampirecloud,16.049,UNSATISFIABLE
cloud_new/non-incremental/AUFDTNIRA/smt-comp-009.smt2,cvc5gg,CRASHED,
cloud_new/non-incremental/AUFDTNIRA/smt-comp-009.smt2,vampirecloud,TIMEOUT,
cloud_new/non-incremental/AUFLIRA/smt-comp-197.smt2,cvc5gg,TIMEOUT,
cloud_new/non-incremental/AUFLIRA/smt-comp-197.smt2,par,TIMEOUT,
cloud_new/non-incremental/AUFLIRA/smt-comp-197.smt2,vampirecloud,TIMEOUT,
cloud_new/non-incremental/QF_NIA/smt-comp-105.smt2,cvc5gg,50.041,SATISFIABLE
cloud_new/non-incremental/QF_NIA/smt-comp-105.smt2,par,0.075,SATISFIABLE
cloud_new/non-incremental/AUFLIRA/smt-comp-191.smt2,cvc5gg,TIMEOUT,
cloud_new/non-incremental/AUFLIRA/smt-comp-191.smt2,par,TIMEOUT,
cloud_new/non-incremental/AUFLIRA/smt-comp-191.smt2,vampirecloud,TIMEOUT,
cloud_new/non-incremental/AUFLIA/smt-comp-177.smt2,cvc5gg,TIMEOUT,
cloud_new/non-incremental/AUFLIA/smt-comp-177.smt2,vampirecloud,TIMEOUT,
cloud_new/non-incremental/AUFNIRA/smt-comp-212.smt2,cvc5gg,CRASHED,
cloud_new/non-incremental/AUFNIRA/smt-comp-212.smt2,par,TIMEOUT,
cloud_new/non-incremental/AUFNIRA/smt-comp-212.smt2,vampirecloud,847.955,UNSATISFIABLE
cloud_new/non-incremental/AUFDTNIRA/smt-comp-019.smt2,cvc5gg,CRASHED,
cloud_new/non-incremental/AUFDTNIRA/smt-comp-019.smt2,vampirecloud,TIMEOUT,
cloud_new/non-incremental/QF_ABV/smt-comp-239.smt2,cvc5gg,TIMEOUT,
cloud_new/non-incremental/QF_ABV/smt-comp-239.smt2,par,TIMEOUT,
cloud_new/non-incremental/QF_FP/smt-comp-257.smt2,cvc5gg,1003.384,UNSATISFIABLE
cloud_new/non-incremental/QF_FP/smt-comp-257.smt2,par,0.008,SATISFIABLE
cloud_new/non-incremental/BV/smt-comp-222.smt2,cvc5gg,TIMEOUT,
cloud_new/non-incremental/BV/smt-comp-222.smt2,par,TIMEOUT,
cloud_new/non-incremental/UFDT/smt-comp-345.smt2,cvc5gg,TIMEOUT,
cloud_new/non-incremental/UFDT/smt-comp-345.smt2,vampirecloud,TIMEOUT,
cloud_new/non-incremental/QF_BVFP/smt-comp-068.smt2,cvc5gg,58.928,UNSATISFIABLE
cloud_new/non-incremental/QF_BVFP/smt-comp-068.smt2,par,0.007,SATISFIABLE
cloud_new/non-incremental/UF/smt-comp-128.smt2,cvc5gg,TIMEOUT,
cloud_new/non-incremental/UF/smt-comp-128.smt2,par,190.636,UNSATISFIABLE
cloud_new/non-incremental/UF/smt-comp-128.smt2,vampirecloud,52.157,UNSATISFIABLE
cloud_new/non-incremental/QF_FP/smt-comp-253.smt2,cvc5gg,TIMEOUT,
cloud_new/non-incremental/QF_FP/smt-comp-253.smt2,par,0.008,SATISFIABLE
cloud_new/non-incremental/UFNIA/smt-comp-402.smt2,cvc5gg,2.089,UNSATISFIABLE
cloud_new/non-incremental/UFNIA/smt-comp-402.smt2,par,TIMEOUT,
cloud_new/non-incremental/UFNIA/smt-comp-402.smt2,vampirecloud,TIMEOUT,
cloud_new/non-incremental/UFIDL/smt-comp-388.smt2,cvc5gg,TIMEOUT,
cloud_new/non-incremental/UFIDL/smt-comp-388.smt2,par,TIMEOUT,
cloud_new/non-incremental/UFIDL/smt-comp-388.smt2,vampirecloud,TIMEOUT,
cloud_new/non-incremental/AUFLIRA/smt-comp-192.smt2,cvc5gg,TIMEOUT,
cloud_new/non-incremental/AUFLIRA/smt-comp-192.smt2,par,TIMEOUT,
cloud_new/non-incremental/AUFLIRA/smt-comp-192.smt2,vampirecloud,TIMEOUT,
cloud_new/non-incremental/UFIDL/smt-comp-390.smt2,cvc5gg,TIMEOUT,
cloud_new/non-incremental/UFIDL/smt-comp-390.smt2,par,TIMEOUT,
cloud_new/non-incremental/UFIDL/smt-comp-390.smt2,vampirecloud,TIMEOUT,
cloud_new/non-incremental/QF_NRA/smt-comp-114.smt2,cvc5gg,TIMEOUT,
cloud_new/non-incremental/QF_NRA/smt-comp-114.smt2,par,TIMEOUT,
cloud_new/non-incremental/BV/smt-comp-039.smt2,cvc5gg,CRASHED,
cloud_new/non-incremental/BV/smt-comp-039.smt2,par,105.324,SATISFIABLE
cloud_new/non-incremental/UFDTLIRA/smt-comp-142.smt2,cvc5gg,1.952,UNSATISFIABLE
cloud_new/non-incremental/UFDTLIRA/smt-comp-142.smt2,vampirecloud,TIMEOUT,
cloud_new/non-incremental/QF_BV/smt-comp-065.smt2,cvc5gg,TIMEOUT,
cloud_new/non-incremental/QF_BV/smt-comp-065.smt2,par,572.322,UNSATISFIABLE
cloud_new/non-incremental/QF_BV/smt-comp-065.smt2,stp,240.99,UNSATISFIABLE
cloud_new/non-incremental/LRA/smt-comp-051.smt2,cvc5gg,CRASHED,
cloud_new/non-incremental/LRA/smt-comp-051.smt2,par,TIMEOUT,
cloud_new/non-incremental/LRA/smt-comp-051.smt2,vampirecloud,TIMEOUT,
cloud_new/non-incremental/QF_LRA/smt-comp-101.smt2,cubeandconquer,4.216,SATISFIABLE
cloud_new/non-incremental/QF_LRA/smt-comp-101.smt2,portfolio,9.692,SATISFIABLE
cloud_new/non-incremental/QF_LRA/smt-comp-101.smt2,cvc5gg,TIMEOUT,
cloud_new/non-incremental/QF_LRA/smt-comp-101.smt2,par,928.9639999999999,SATISFIABLE
cloud_new/non-incremental/QF_LIA/smt-comp-088.smt2,cubeandconquer,TIMEOUT,
cloud_new/non-incremental/QF_LIA/smt-comp-088.smt2,portfolio,TIMEOUT,
cloud_new/non-incremental/QF_LIA/smt-comp-088.smt2,cvc5gg,CRASHED,
cloud_new/non-incremental/QF_LIA/smt-comp-088.smt2,par,526.239,UNSATISFIABLE
cloud_new/non-incremental/QF_BV/smt-comp-063.smt2,cvc5gg,TIMEOUT,
cloud_new/non-incremental/QF_BV/smt-comp-063.smt2,par,1274.868,SATISFIABLE
cloud_new/non-incremental/QF_BV/smt-comp-063.smt2,stp,510.58,SATISFIABLE
cloud_new/non-incremental/AUFNIRA/smt-comp-205.smt2,cvc5gg,TIMEOUT,
cloud_new/non-incremental/AUFNIRA/smt-comp-205.smt2,par,TIMEOUT,
cloud_new/non-incremental/AUFNIRA/smt-comp-205.smt2,vampirecloud,800.718,UNSATISFIABLE
cloud_new/non-incremental/UFIDL/smt-comp-389.smt2,cvc5gg,TIMEOUT,
cloud_new/non-incremental/UFIDL/smt-comp-389.smt2,par,TIMEOUT,
cloud_new/non-incremental/UFIDL/smt-comp-389.smt2,vampirecloud,TIMEOUT,
cloud_new/non-incremental/QF_FP/smt-comp-075.smt2,cvc5gg,962.889,UNSATISFIABLE
cloud_new/non-incremental/QF_FP/smt-comp-075.smt2,par,0.008,SATISFIABLE
cloud_new/non-incremental/UFDTLIA/smt-comp-362.smt2,cvc5gg,TIMEOUT,
cloud_new/non-incremental/UFDTLIA/smt-comp-362.smt2,vampirecloud,TIMEOUT,
cloud_new/non-incremental/AUFDTLIRA/smt-comp-176.smt2,cvc5gg,2.186,UNSATISFIABLE
cloud_new/non-incremental/AUFDTLIRA/smt-comp-176.smt2,vampirecloud,TIMEOUT,
cloud_new/non-incremental/UFDTLIA/smt-comp-348.smt2,cvc5gg,TIMEOUT,
cloud_new/non-incremental/UFDTLIA/smt-comp-348.smt2,vampirecloud,TIMEOUT,
cloud_new/non-incremental/QF_NRA/smt-comp-117.smt2,cvc5gg,TIMEOUT,
cloud_new/non-incremental/QF_NRA/smt-comp-117.smt2,par,719.128,SATISFIABLE
cloud_new/non-incremental/QF_FP/smt-comp-254.smt2,cvc5gg,TIMEOUT,
cloud_new/non-incremental/QF_FP/smt-comp-254.smt2,par,0.008,SATISFIABLE
cloud_new/non-incremental/UFBV/smt-comp-325.smt2,cvc5gg,38.893,UNSATISFIABLE
cloud_new/non-incremental/UFBV/smt-comp-325.smt2,par,TIMEOUT,
cloud_new/non-incremental/UFBV/smt-comp-334.smt2,cvc5gg,2.059,UNSATISFIABLE
cloud_new/non-incremental/UFBV/smt-comp-334.smt2,par,TIMEOUT,
cloud_new/non-incremental/UFNIA/smt-comp-409.smt2,cvc5gg,CRASHED,
cloud_new/non-incremental/UFNIA/smt-comp-409.smt2,par,TIMEOUT,
cloud_new/non-incremental/UFNIA/smt-comp-409.smt2,vampirecloud,TIMEOUT,
cloud_new/non-incremental/QF_BV/smt-comp-250.smt2,cvc5gg,TIMEOUT,
cloud_new/non-incremental/QF_BV/smt-comp-250.smt2,par,TIMEOUT,
cloud_new/non-incremental/QF_BV/smt-comp-250.smt2,stp,TIMEOUT,
cloud_new/non-incremental/QF_BV/smt-comp-246.smt2,cvc5gg,TIMEOUT,
cloud_new/non-incremental/QF_BV/smt-comp-246.smt2,par,TIMEOUT,
cloud_new/non-incremental/QF_BV/smt-comp-246.smt2,stp,TIMEOUT,
cloud_new/non-incremental/AUFDTLIRA/smt-comp-171.smt2,cvc5gg,1.937,UNSATISFIABLE
cloud_new/non-incremental/AUFDTLIRA/smt-comp-171.smt2,vampirecloud,TIMEOUT,
cloud_new/non-incremental/UFBV/smt-comp-339.smt2,cvc5gg,2.529,UNSATISFIABLE
cloud_new/non-incremental/UFBV/smt-comp-339.smt2,par,TIMEOUT,
cloud_new/non-incremental/QF_NIA/smt-comp-108.smt2,cvc5gg,TIMEOUT,
cloud_new/non-incremental/QF_NIA/smt-comp-108.smt2,par,TIMEOUT,
cloud_new/non-incremental/QF_LRA/smt-comp-097.smt2,cubeandconquer,991.188,SATISFIABLE
cloud_new/non-incremental/QF_LRA/smt-comp-097.smt2,portfolio,827.342,SATISFIABLE
cloud_new/non-incremental/QF_LRA/smt-comp-097.smt2,cvc5gg,TIMEOUT,
cloud_new/non-incremental/QF_LRA/smt-comp-097.smt2,par,TIMEOUT,
cloud_new/non-incremental/QF_IDL/smt-comp-080.smt2,cubeandconquer,TIMEOUT,
cloud_new/non-incremental/QF_IDL/smt-comp-080.smt2,portfolio,TIMEOUT,
cloud_new/non-incremental/QF_IDL/smt-comp-080.smt2,cvc5gg,TIMEOUT,
cloud_new/non-incremental/QF_IDL/smt-comp-080.smt2,par,TIMEOUT,
cloud_new/non-incremental/UFDT/smt-comp-343.smt2,cvc5gg,2.173,UNSATISFIABLE
cloud_new/non-incremental/UFDT/smt-comp-343.smt2,vampirecloud,TIMEOUT,
cloud_new/non-incremental/QF_LIA/smt-comp-268.smt2,cubeandconquer,177.854,SATISFIABLE
cloud_new/non-incremental/QF_LIA/smt-comp-268.smt2,portfolio,174.239,SATISFIABLE
cloud_new/non-incremental/QF_LIA/smt-comp-268.smt2,cvc5gg,TIMEOUT,
cloud_new/non-incremental/QF_LIA/smt-comp-268.smt2,par,TIMEOUT,
cloud_new/non-incremental/UFDTLIA/smt-comp-358.smt2,cvc5gg,TIMEOUT,
cloud_new/non-incremental/UFDTLIA/smt-comp-358.smt2,vampirecloud,TIMEOUT,
cloud_new/non-incremental/QF_RDL/smt-comp-312.smt2,cubeandconquer,TIMEOUT,
cloud_new/non-incremental/QF_RDL/smt-comp-312.smt2,portfolio,TIMEOUT,
cloud_new/non-incremental/QF_RDL/smt-comp-312.smt2,cvc5gg,TIMEOUT,
cloud_new/non-incremental/QF_UFNRA/smt-comp-122.smt2,cvc5gg,TIMEOUT,
cloud_new/non-incremental/QF_UFNRA/smt-comp-122.smt2,par,1759.563,SATISFIABLE
cloud_new/non-incremental/AUFLIRA/smt-comp-189.smt2,cvc5gg,TIMEOUT,
cloud_new/non-incremental/AUFLIRA/smt-comp-189.smt2,par,TIMEOUT,
cloud_new/non-incremental/AUFLIRA/smt-comp-189.smt2,vampirecloud,TIMEOUT,
cloud_new/non-incremental/QF_IDL/smt-comp-262.smt2,cubeandconquer,TIMEOUT,
cloud_new/non-incremental/QF_IDL/smt-comp-262.smt2,portfolio,TIMEOUT,
cloud_new/non-incremental/QF_IDL/smt-comp-262.smt2,cvc5gg,TIMEOUT,
cloud_new/non-incremental/QF_IDL/smt-comp-262.smt2,par,244.284,SATISFIABLE
cloud_new/non-incremental/LRA/smt-comp-050.smt2,cvc5gg,CRASHED,
cloud_new/non-incremental/LRA/smt-comp-050.smt2,par,TIMEOUT,
cloud_new/non-incremental/LRA/smt-comp-050.smt2,vampirecloud,TIMEOUT,
cloud_new/non-incremental/QF_FP/smt-comp-258.smt2,cvc5gg,TIMEOUT,
cloud_new/non-incremental/QF_FP/smt-comp-258.smt2,par,0.007,SATISFIABLE
cloud_new/non-incremental/QF_UFNRA/smt-comp-121.smt2,cvc5gg,TIMEOUT,
cloud_new/non-incremental/QF_UFNRA/smt-comp-121.smt2,par,658.024,SATISFIABLE
cloud_new/non-incremental/AUFDTLIRA/smt-comp-175.smt2,cvc5gg,2.0,UNSATISFIABLE
cloud_new/non-incremental/AUFDTLIRA/smt-comp-175.smt2,vampirecloud,TIMEOUT,
cloud_new/non-incremental/QF_NRA/smt-comp-295.smt2,cvc5gg,TIMEOUT,
cloud_new/non-incremental/QF_NRA/smt-comp-295.smt2,par,TIMEOUT,
cloud_new/non-incremental/QF_ABV/smt-comp-241.smt2,cvc5gg,TIMEOUT,
cloud_new/non-incremental/QF_ABV/smt-comp-241.smt2,par,TIMEOUT,
cloud_new/non-incremental/UFLIA/smt-comp-392.smt2,cvc5gg,TIMEOUT,
cloud_new/non-incremental/UFLIA/smt-comp-392.smt2,par,TIMEOUT,
cloud_new/non-incremental/UFLIA/smt-comp-392.smt2,vampirecloud,TIMEOUT,
cloud_new/non-incremental/UFDTNIRA/smt-comp-377.smt2,cvc5gg,CRASHED,
cloud_new/non-incremental/UFDTNIRA/smt-comp-377.smt2,vampirecloud,TIMEOUT,
cloud_new/non-incremental/UFDTNIRA/smt-comp-146.smt2,cvc5gg,CRASHED,
cloud_new/non-incremental/UFDTNIRA/smt-comp-146.smt2,vampirecloud,TIMEOUT,
cloud_new/non-incremental/AUFNIA/smt-comp-203.smt2,cvc5gg,CRASHED,
cloud_new/non-incremental/AUFNIA/smt-comp-203.smt2,vampirecloud,523.479,UNSATISFIABLE
cloud_new/non-incremental/QF_ABV/smt-comp-055.smt2,cvc5gg,TIMEOUT,
cloud_new/non-incremental/QF_ABV/smt-comp-055.smt2,par,1033.837,UNSATISFIABLE
cloud_new/non-incremental/LRA/smt-comp-225.smt2,cvc5gg,CRASHED,
cloud_new/non-incremental/LRA/smt-comp-225.smt2,par,431.045,UNSATISFIABLE
cloud_new/non-incremental/LRA/smt-comp-225.smt2,vampirecloud,TIMEOUT,
cloud_new/non-incremental/QF_NRA/smt-comp-115.smt2,cvc5gg,3.407,SATISFIABLE
cloud_new/non-incremental/QF_NRA/smt-comp-115.smt2,par,TIMEOUT,
cloud_new/non-incremental/QF_NRA/smt-comp-294.smt2,cvc5gg,TIMEOUT,
cloud_new/non-incremental/QF_NRA/smt-comp-294.smt2,par,TIMEOUT,
cloud_new/non-incremental/QF_RDL/smt-comp-304.smt2,cubeandconquer,TIMEOUT,
cloud_new/non-incremental/QF_RDL/smt-comp-304.smt2,portfolio,TIMEOUT,
cloud_new/non-incremental/QF_RDL/smt-comp-304.smt2,cvc5gg,TIMEOUT,
cloud_new/non-incremental/AUFDTNIRA/smt-comp-014.smt2,cvc5gg,CRASHED,
cloud_new/non-incremental/AUFDTNIRA/smt-comp-014.smt2,vampirecloud,TIMEOUT,
cloud_new/non-incremental/AUFDTLIRA/smt-comp-003.smt2,cvc5gg,1.995,UNSATISFIABLE
cloud_new/non-incremental/AUFDTLIRA/smt-comp-003.smt2,vampirecloud,161.408,UNSATISFIABLE
cloud_new/non-incremental/QF_BV/smt-comp-062.smt2,cvc5gg,TIMEOUT,
cloud_new/non-incremental/QF_BV/smt-comp-062.smt2,par,TIMEOUT,
cloud_new/non-incremental/QF_BV/smt-comp-062.smt2,stp,CRASHED,
cloud_new/non-incremental/UFDT/smt-comp-132.smt2,cvc5gg,CRASHED,
cloud_new/non-incremental/UFDT/smt-comp-132.smt2,vampirecloud,909.251,SATISFIABLE
cloud_new/non-incremental/QF_FP/smt-comp-072.smt2,cvc5gg,452.468,UNSATISFIABLE
cloud_new/non-incremental/QF_FP/smt-comp-072.smt2,par,0.008,SATISFIABLE
cloud_new/non-incremental/AUFNIRA/smt-comp-208.smt2,cvc5gg,TIMEOUT,
cloud_new/non-incremental/AUFNIRA/smt-comp-208.smt2,par,TIMEOUT,
cloud_new/non-incremental/AUFNIRA/smt-comp-208.smt2,vampirecloud,TIMEOUT,
cloud_new/non-incremental/UFDTNIRA/smt-comp-147.smt2,cvc5gg,CRASHED,
cloud_new/non-incremental/UFDTNIRA/smt-comp-147.smt2,vampirecloud,TIMEOUT,
cloud_new/non-incremental/UFDTLIA/smt-comp-350.smt2,cvc5gg,TIMEOUT,
cloud_new/non-incremental/UFNIA/smt-comp-166.smt2,cvc5gg,CRASHED,
cloud_new/non-incremental/UFNIA/smt-comp-166.smt2,par,TIMEOUT,
cloud_new/non-incremental/UFNIA/smt-comp-166.smt2,vampirecloud,TIMEOUT,
cloud_new/non-incremental/UFDTLIA/smt-comp-361.smt2,cvc5gg,TIMEOUT,
cloud_new/non-incremental/UFDTLIA/smt-comp-361.smt2,vampirecloud,TIMEOUT,
cloud_new/non-incremental/QF_BVFP/smt-comp-069.smt2,cvc5gg,TIMEOUT,
cloud_new/non-incremental/QF_BVFP/smt-comp-069.smt2,par,0.008,SATISFIABLE
cloud_new/non-incremental/UFBV/smt-comp-338.smt2,cvc5gg,2.343,UNSATISFIABLE
cloud_new/non-incremental/UFBV/smt-comp-338.smt2,par,TIMEOUT,
cloud_new/non-incremental/UFDTLIRA/smt-comp-373.smt2,cvc5gg,1.967,UNSATISFIABLE
cloud_new/non-incremental/UFDTLIRA/smt-comp-373.smt2,vampirecloud,TIMEOUT,
cloud_new/non-incremental/QF_FP/smt-comp-073.smt2,cvc5gg,1336.346,UNSATISFIABLE
cloud_new/non-incremental/QF_FP/smt-comp-073.smt2,par,0.009,SATISFIABLE
cloud_new/non-incremental/UFLIA/smt-comp-154.smt2,cvc5gg,TIMEOUT,
cloud_new/non-incremental/UFLIA/smt-comp-154.smt2,par,1139.809,UNSATISFIABLE
cloud_new/non-incremental/UFLIA/smt-comp-154.smt2,vampirecloud,244.744,UNSATISFIABLE
cloud_new/non-incremental/UFDTLIRA/smt-comp-372.smt2,cvc5gg,1.948,UNSATISFIABLE
cloud_new/non-incremental/UFDTLIRA/smt-comp-372.smt2,vampirecloud,TIMEOUT,
cloud_new/non-incremental/AUFDTNIRA/smt-comp-023.smt2,cvc5gg,CRASHED,
cloud_new/non-incremental/AUFDTNIRA/smt-comp-023.smt2,vampirecloud,181.473,UNSATISFIABLE
cloud_new/non-incremental/AUFLIA/smt-comp-178.smt2,cvc5gg,TIMEOUT,
cloud_new/non-incremental/AUFLIA/smt-comp-178.smt2,vampirecloud,TIMEOUT,
cloud_new/non-incremental/UFDTNIRA/smt-comp-144.smt2,cvc5gg,CRASHED,
cloud_new/non-incremental/UFDTNIRA/smt-comp-144.smt2,vampirecloud,TIMEOUT,
cloud_new/non-incremental/UFLIA/smt-comp-158.smt2,cvc5gg,TIMEOUT,
cloud_new/non-incremental/UFLIA/smt-comp-158.smt2,par,TIMEOUT,
cloud_new/non-incremental/UFLIA/smt-comp-158.smt2,vampirecloud,1.005,UNSATISFIABLE
cloud_new/non-incremental/QF_LRA/smt-comp-096.smt2,cubeandconquer,1085.552,SATISFIABLE
cloud_new/non-incremental/QF_LRA/smt-comp-096.smt2,portfolio,1141.973,SATISFIABLE
cloud_new/non-incremental/QF_LRA/smt-comp-096.smt2,cvc5gg,TIMEOUT,
cloud_new/non-incremental/QF_LRA/smt-comp-096.smt2,par,551.659,SATISFIABLE
cloud_new/non-incremental/UF/smt-comp-317.smt2,cvc5gg,TIMEOUT,
cloud_new/non-incremental/UF/smt-comp-317.smt2,par,TIMEOUT,
cloud_new/non-incremental/UF/smt-comp-317.smt2,vampirecloud,TIMEOUT,
cloud_new/non-incremental/UFDTLIA/smt-comp-356.smt2,cvc5gg,TIMEOUT,
cloud_new/non-incremental/UFDTLIA/smt-comp-356.smt2,vampirecloud,TIMEOUT,
cloud_new/non-incremental/AUFNIA/smt-comp-202.smt2,cvc5gg,TIMEOUT,
cloud_new/non-incremental/AUFNIA/smt-comp-202.smt2,vampirecloud,157.52,UNSATISFIABLE
cloud_new/non-incremental/BV/smt-comp-223.smt2,cvc5gg,TIMEOUT,
cloud_new/non-incremental/BV/smt-comp-223.smt2,par,TIMEOUT,
cloud_new/non-incremental/QF_ABV/smt-comp-234.smt2,cvc5gg,TIMEOUT,
cloud_new/non-incremental/QF_ABV/smt-comp-234.smt2,par,TIMEOUT,
cloud_new/non-incremental/UFDTLIRA/smt-comp-366.smt2,cvc5gg,1.962,UNSATISFIABLE
cloud_new/non-incremental/UFDTLIRA/smt-comp-366.smt2,vampirecloud,TIMEOUT,
cloud_new/non-incremental/QF_NIA/smt-comp-107.smt2,cvc5gg,TIMEOUT,
cloud_new/non-incremental/QF_NIA/smt-comp-107.smt2,par,TIMEOUT,
cloud_new/non-incremental/UFBV/smt-comp-337.smt2,cvc5gg,2.215,UNSATISFIABLE
cloud_new/non-incremental/UFBV/smt-comp-337.smt2,par,TIMEOUT,
cloud_new/non-incremental/QF_RDL/smt-comp-305.smt2,cubeandconquer,TIMEOUT,
cloud_new/non-incremental/QF_RDL/smt-comp-305.smt2,portfolio,TIMEOUT,
cloud_new/non-incremental/QF_RDL/smt-comp-305.smt2,cvc5gg,TIMEOUT,
cloud_new/non-incremental/QF_LIA/smt-comp-086.smt2,cubeandconquer,512.799,SATISFIABLE
cloud_new/non-incremental/QF_LIA/smt-comp-086.smt2,portfolio,522.495,SATISFIABLE
cloud_new/non-incremental/QF_LIA/smt-comp-086.smt2,cvc5gg,TIMEOUT,
cloud_new/non-incremental/QF_LIA/smt-comp-086.smt2,par,TIMEOUT,
cloud_new/non-incremental/QF_BV/smt-comp-066.smt2,cvc5gg,TIMEOUT,
cloud_new/non-incremental/QF_BV/smt-comp-066.smt2,par,1542.688,SATISFIABLE
cloud_new/non-incremental/QF_BV/smt-comp-066.smt2,stp,1088.57,SATISFIABLE
cloud_new/non-incremental/QF_ABV/smt-comp-057.smt2,cvc5gg,TIMEOUT,
cloud_new/non-incremental/QF_ABV/smt-comp-057.smt2,par,276.112,UNSATISFIABLE
cloud_new/non-incremental/BV/smt-comp-037.smt2,cvc5gg,CRASHED,
cloud_new/non-incremental/BV/smt-comp-037.smt2,par,92.968,SATISFIABLE
cloud_new/non-incremental/UFNIA/smt-comp-163.smt2,cvc5gg,1.973,UNSATISFIABLE
cloud_new/non-incremental/UFNIA/smt-comp-163.smt2,par,TIMEOUT,
cloud_new/non-incremental/UFNIA/smt-comp-163.smt2,vampirecloud,TIMEOUT,
cloud_new/non-incremental/QF_BV/smt-comp-060.smt2,cvc5gg,TIMEOUT,
cloud_new/non-incremental/QF_BV/smt-comp-060.smt2,par,TIMEOUT,
cloud_new/non-incremental/QF_BV/smt-comp-060.smt2,stp,2.77,UNSATISFIABLE
cloud_new/non-incremental/UFLIA/smt-comp-394.smt2,cvc5gg,TIMEOUT,
cloud_new/non-incremental/UFLIA/smt-comp-394.smt2,par,TIMEOUT,
cloud_new/non-incremental/UFLIA/smt-comp-394.smt2,vampirecloud,76.292,UNSATISFIABLE
cloud_new/non-incremental/UFBV/smt-comp-330.smt2,cvc5gg,2.013,UNSATISFIABLE
cloud_new/non-incremental/UFBV/smt-comp-330.smt2,par,TIMEOUT,
cloud_new/non-incremental/UFNIA/smt-comp-403.smt2,cvc5gg,2.12,UNSATISFIABLE
cloud_new/non-incremental/UFNIA/smt-comp-403.smt2,par,TIMEOUT,
cloud_new/non-incremental/UFNIA/smt-comp-403.smt2,vampirecloud,TIMEOUT,
cloud_new/non-incremental/QF_RDL/smt-comp-310.smt2,cubeandconquer,TIMEOUT,
cloud_new/non-incremental/QF_RDL/smt-comp-310.smt2,portfolio,TIMEOUT,
cloud_new/non-incremental/QF_RDL/smt-comp-310.smt2,cvc5gg,TIMEOUT,
cloud_new/non-incremental/UF/smt-comp-321.smt2,cvc5gg,TIMEOUT,
cloud_new/non-incremental/UF/smt-comp-321.smt2,par,TIMEOUT,
cloud_new/non-incremental/UF/smt-comp-321.smt2,vampirecloud,TIMEOUT,
cloud_new/non-incremental/UFDTLIA/smt-comp-355.smt2,cvc5gg,TIMEOUT,
cloud_new/non-incremental/QF_FP/smt-comp-255.smt2,cvc5gg,154.514,UNSATISFIABLE
cloud_new/non-incremental/QF_FP/smt-comp-255.smt2,par,0.008,SATISFIABLE
cloud_new/non-incremental/UFBV/smt-comp-336.smt2,cvc5gg,2.158,UNSATISFIABLE
cloud_new/non-incremental/UFBV/smt-comp-336.smt2,par,TIMEOUT,
cloud_new/non-incremental/AUFNIRA/smt-comp-210.smt2,cvc5gg,CRASHED,
cloud_new/non-incremental/AUFNIRA/smt-comp-210.smt2,par,TIMEOUT,
cloud_new/non-incremental/AUFNIRA/smt-comp-210.smt2,vampirecloud,298.003,UNSATISFIABLE
cloud_new/non-incremental/QF_LRA/smt-comp-095.smt2,cubeandconquer,648.189,UNSATISFIABLE
cloud_new/non-incremental/QF_LRA/smt-comp-095.smt2,portfolio,617.761,UNSATISFIABLE
cloud_new/non-incremental/QF_LRA/smt-comp-095.smt2,cvc5gg,1224.953,UNSATISFIABLE
cloud_new/non-incremental/QF_LRA/smt-comp-095.smt2,par,714.252,UNSATISFIABLE
cloud_new/non-incremental/QF_NRA/smt-comp-298.smt2,cvc5gg,CRASHED,
cloud_new/non-incremental/QF_NRA/smt-comp-298.smt2,par,TIMEOUT,
cloud_new/non-incremental/AUFDTLIRA/smt-comp-170.smt2,cvc5gg,TIMEOUT,
cloud_new/non-incremental/AUFDTLIRA/smt-comp-170.smt2,vampirecloud,TIMEOUT,
cloud_new/non-incremental/QF_LRA/smt-comp-276.smt2,cubeandconquer,1557.44,UNSATISFIABLE
cloud_new/non-incremental/QF_LRA/smt-comp-276.smt2,portfolio,TIMEOUT,
cloud_new/non-incremental/QF_LRA/smt-comp-276.smt2,cvc5gg,TIMEOUT,
cloud_new/non-incremental/QF_LRA/smt-comp-276.smt2,par,TIMEOUT,
cloud_new/non-incremental/QF_NIA/smt-comp-102.smt2,cvc5gg,TIMEOUT,
cloud_new/non-incremental/QF_NIA/smt-comp-102.smt2,par,525.282,SATISFIABLE
cloud_new/non-incremental/QF_BV/smt-comp-245.smt2,cvc5gg,TIMEOUT,
cloud_new/non-incremental/QF_BV/smt-comp-245.smt2,par,TIMEOUT,
cloud_new/non-incremental/QF_BV/smt-comp-245.smt2,stp,TIMEOUT,
cloud_new/non-incremental/NRA/smt-comp-052.smt2,cvc5gg,CRASHED,
cloud_new/non-incremental/NRA/smt-comp-052.smt2,par,TIMEOUT,
cloud_new/non-incremental/NRA/smt-comp-052.smt2,vampirecloud,1.005,UNSATISFIABLE
cloud_new/non-incremental/QF_LRA/smt-comp-279.smt2,cubeandconquer,0.97,SATISFIABLE
cloud_new/non-incremental/QF_LRA/smt-comp-279.smt2,portfolio,0.983,SATISFIABLE
cloud_new/non-incremental/QF_LRA/smt-comp-279.smt2,cvc5gg,541.437,SATISFIABLE
cloud_new/non-incremental/QF_LRA/smt-comp-279.smt2,par,0.747,SATISFIABLE
cloud_new/non-incremental/QF_IDL/smt-comp-265.smt2,cubeandconquer,TIMEOUT,
cloud_new/non-incremental/QF_IDL/smt-comp-265.smt2,portfolio,TIMEOUT,
cloud_new/non-incremental/QF_IDL/smt-comp-265.smt2,cvc5gg,TIMEOUT,
cloud_new/non-incremental/QF_IDL/smt-comp-265.smt2,par,TIMEOUT,
cloud_new/non-incremental/QF_RDL/smt-comp-311.smt2,cubeandconquer,TIMEOUT,
cloud_new/non-incremental/QF_RDL/smt-comp-311.smt2,portfolio,TIMEOUT,
cloud_new/non-incremental/QF_RDL/smt-comp-311.smt2,cvc5gg,TIMEOUT,
cloud_new/non-incremental/UF/smt-comp-319.smt2,cvc5gg,TIMEOUT,
cloud_new/non-incremental/UF/smt-comp-319.smt2,par,TIMEOUT,
cloud_new/non-incremental/UF/smt-comp-319.smt2,vampirecloud,TIMEOUT,
cloud_new/non-incremental/UFDTLIRA/smt-comp-367.smt2,cvc5gg,1.992,UNSATISFIABLE
cloud_new/non-incremental/UFDTLIRA/smt-comp-367.smt2,vampirecloud,TIMEOUT,
cloud_new/non-incremental/LRA/smt-comp-227.smt2,cvc5gg,CRASHED,
cloud_new/non-incremental/LRA/smt-comp-227.smt2,par,TIMEOUT,
cloud_new/non-incremental/LRA/smt-comp-227.smt2,vampirecloud,TIMEOUT,
cloud_new/non-incremental/QF_LRA/smt-comp-277.smt2,cubeandconquer,193.231,UNSATISFIABLE
cloud_new/non-incremental/QF_LRA/smt-comp-277.smt2,portfolio,101.231,UNSATISFIABLE
cloud_new/non-incremental/QF_LRA/smt-comp-277.smt2,cvc5gg,TIMEOUT,
cloud_new/non-incremental/QF_LRA/smt-comp-277.smt2,par,1746.784,UNSATISFIABLE
cloud_new/non-incremental/UFLIA/smt-comp-393.smt2,cvc5gg,TIMEOUT,
cloud_new/non-incremental/UFLIA/smt-comp-393.smt2,par,TIMEOUT,
cloud_new/non-incremental/UFLIA/smt-comp-393.smt2,vampirecloud,TIMEOUT,
cloud_new/non-incremental/QF_FP/smt-comp-071.smt2,cvc5gg,775.742,UNSATISFIABLE
cloud_new/non-incremental/QF_FP/smt-comp-071.smt2,par,0.008,SATISFIABLE
cloud_new/non-incremental/QF_LIA/smt-comp-091.smt2,cubeandconquer,11.129,SATISFIABLE
cloud_new/non-incremental/QF_LIA/smt-comp-091.smt2,portfolio,8.54,SATISFIABLE
cloud_new/non-incremental/QF_LIA/smt-comp-091.smt2,cvc5gg,TIMEOUT,
cloud_new/non-incremental/QF_LIA/smt-comp-091.smt2,par,145.851,SATISFIABLE
cloud_new/non-incremental/UFLIA/smt-comp-396.smt2,cvc5gg,TIMEOUT,
cloud_new/non-incremental/UFLIA/smt-comp-396.smt2,par,TIMEOUT,
cloud_new/non-incremental/UFLIA/smt-comp-396.smt2,vampirecloud,TIMEOUT,
cloud_new/non-incremental/QF_NRA/smt-comp-293.smt2,cvc5gg,TIMEOUT,
cloud_new/non-incremental/QF_NRA/smt-comp-293.smt2,par,TIMEOUT,
cloud_new/non-incremental/AUFLIRA/smt-comp-185.smt2,cvc5gg,TIMEOUT,
cloud_new/non-incremental/AUFLIRA/smt-comp-185.smt2,par,TIMEOUT,
cloud_new/non-incremental/AUFLIRA/smt-comp-185.smt2,vampirecloud,TIMEOUT,
cloud_new/non-incremental/QF_LIA/smt-comp-271.smt2,cubeandconquer,TIMEOUT,
cloud_new/non-incremental/QF_LIA/smt-comp-271.smt2,portfolio,TIMEOUT,
cloud_new/non-incremental/QF_LIA/smt-comp-271.smt2,cvc5gg,TIMEOUT,
cloud_new/non-incremental/QF_LIA/smt-comp-271.smt2,par,TIMEOUT,
cloud_new/non-incremental/BV/smt-comp-043.smt2,cvc5gg,TIMEOUT,
cloud_new/non-incremental/BV/smt-comp-043.smt2,par,9.262,SATISFIABLE
cloud_new/non-incremental/UFLIA/smt-comp-398.smt2,cvc5gg,TIMEOUT,
cloud_new/non-incremental/UFLIA/smt-comp-398.smt2,par,TIMEOUT,
cloud_new/non-incremental/UFLIA/smt-comp-398.smt2,vampirecloud,1412.062,UNSATISFIABLE
cloud_new/non-incremental/QF_ABV/smt-comp-056.smt2,cvc5gg,TIMEOUT,
cloud_new/non-incremental/QF_ABV/smt-comp-056.smt2,par,1131.832,UNSATISFIABLE
cloud_new/non-incremental/UFIDL/smt-comp-385.smt2,cvc5gg,3.145,UNSATISFIABLE
cloud_new/non-incremental/UFIDL/smt-comp-385.smt2,par,TIMEOUT,
cloud_new/non-incremental/UFIDL/smt-comp-385.smt2,vampirecloud,TIMEOUT,
cloud_new/non-incremental/AUFDTNIRA/smt-comp-022.smt2,cvc5gg,CRASHED,
cloud_new/non-incremental/AUFDTNIRA/smt-comp-022.smt2,vampirecloud,TIMEOUT,
cloud_new/non-incremental/QF_LRA/smt-comp-094.smt2,cubeandconquer,148.69,UNSATISFIABLE
cloud_new/non-incremental/QF_LRA/smt-comp-094.smt2,portfolio,132.217,UNSATISFIABLE
cloud_new/non-incremental/QF_LRA/smt-comp-094.smt2,cvc5gg,801.248,UNSATISFIABLE
cloud_new/non-incremental/QF_LRA/smt-comp-094.smt2,par,557.507,UNSATISFIABLE
cloud_new/non-incremental/UFNIA/smt-comp-162.smt2,cvc5gg,2.119,UNSATISFIABLE
cloud_new/non-incremental/UFNIA/smt-comp-162.smt2,par,TIMEOUT,
cloud_new/non-incremental/UFNIA/smt-comp-162.smt2,vampirecloud,TIMEOUT,
cloud_new/non-incremental/AUFDTNIRA/smt-comp-021.smt2,cvc5gg,TIMEOUT,
cloud_new/non-incremental/AUFDTNIRA/smt-comp-021.smt2,vampirecloud,567.904,UNSATISFIABLE
cloud_new/non-incremental/UFDTLIRA/smt-comp-371.smt2,cvc5gg,1.961,UNSATISFIABLE
cloud_new/non-incremental/UFDTLIRA/smt-comp-371.smt2,vampirecloud,TIMEOUT,
cloud_new/non-incremental/UFDTLIA/smt-comp-351.smt2,cvc5gg,TIMEOUT,
cloud_new/non-incremental/UFDTLIA/smt-comp-351.smt2,vampirecloud,TIMEOUT,
cloud_new/non-incremental/AUFDTNIRA/smt-comp-013.smt2,cvc5gg,CRASHED,
cloud_new/non-incremental/AUFDTNIRA/smt-comp-013.smt2,vampirecloud,185.527,UNSATISFIABLE
cloud_new/non-incremental/AUFLIRA/smt-comp-198.smt2,cvc5gg,TIMEOUT,
cloud_new/non-incremental/AUFLIRA/smt-comp-198.smt2,par,TIMEOUT,
cloud_new/non-incremental/AUFLIRA/smt-comp-198.smt2,vampirecloud,TIMEOUT,
cloud_new/non-incremental/AUFLIA/smt-comp-179.smt2,cvc5gg,TIMEOUT,
cloud_new/non-incremental/AUFLIA/smt-comp-179.smt2,vampirecloud,TIMEOUT,
cloud_new/non-incremental/QF_NIA/smt-comp-285.smt2,cvc5gg,PARSE_ERROR,UNSATISFIABLE
cloud_new/non-incremental/QF_NIA/smt-comp-285.smt2,par,TIMEOUT,
cloud_new/non-incremental/UF/smt-comp-318.smt2,cvc5gg,TIMEOUT,
cloud_new/non-incremental/UF/smt-comp-318.smt2,par,TIMEOUT,
cloud_new/non-incremental/UF/smt-comp-318.smt2,vampirecloud,TIMEOUT,
cloud_new/non-incremental/AUFLIRA/smt-comp-193.smt2,cvc5gg,TIMEOUT,
cloud_new/non-incremental/AUFLIRA/smt-comp-193.smt2,par,TIMEOUT,
cloud_new/non-incremental/UF/smt-comp-124.smt2,cvc5gg,TIMEOUT,
cloud_new/non-incremental/UF/smt-comp-124.smt2,par,573.407,SATISFIABLE
cloud_new/non-incremental/UF/smt-comp-124.smt2,vampirecloud,TIMEOUT,
cloud_new/non-incremental/QF_NRA/smt-comp-296.smt2,cvc5gg,TIMEOUT,
cloud_new/non-incremental/QF_NRA/smt-comp-296.smt2,par,TIMEOUT,
cloud_new/non-incremental/QF_UFNRA/smt-comp-123.smt2,cvc5gg,TIMEOUT,
cloud_new/non-incremental/QF_UFNRA/smt-comp-123.smt2,par,TIMEOUT,
cloud_new/non-incremental/QF_NIA/smt-comp-289.smt2,cvc5gg,TIMEOUT,
cloud_new/non-incremental/QF_NIA/smt-comp-289.smt2,par,TIMEOUT,
cloud_new/non-incremental/UFDT/smt-comp-138.smt2,cvc5gg,TIMEOUT,
cloud_new/non-incremental/UFDT/smt-comp-138.smt2,vampirecloud,934.513,SATISFIABLE
cloud_new/non-incremental/AUFNIRA/smt-comp-204.smt2,cvc5gg,TIMEOUT,
cloud_new/non-incremental/AUFNIRA/smt-comp-204.smt2,par,TIMEOUT,
cloud_new/non-incremental/AUFNIRA/smt-comp-204.smt2,vampirecloud,636.403,UNSATISFIABLE
cloud_new/non-incremental/QF_RDL/smt-comp-313.smt2,cubeandconquer,TIMEOUT,
cloud_new/non-incremental/QF_RDL/smt-comp-313.smt2,portfolio,TIMEOUT,
cloud_new/non-incremental/QF_RDL/smt-comp-313.smt2,cvc5gg,TIMEOUT,
cloud_new/non-incremental/BV/smt-comp-042.smt2,cvc5gg,TIMEOUT,
cloud_new/non-incremental/BV/smt-comp-042.smt2,par,0.176,SATISFIABLE
cloud_new/non-incremental/QF_FP/smt-comp-252.smt2,cvc5gg,TIMEOUT,
cloud_new/non-incremental/QF_FP/smt-comp-252.smt2,par,0.008,SATISFIABLE
cloud_new/non-incremental/AUFLIRA/smt-comp-196.smt2,cvc5gg,CRASHED,
cloud_new/non-incremental/AUFLIRA/smt-comp-196.smt2,par,TIMEOUT,
cloud_new/non-incremental/AUFLIRA/smt-comp-196.smt2,vampirecloud,TIMEOUT,
cloud_new/non-incremental/BV/smt-comp-220.smt2,cvc5gg,2.364,UNSATISFIABLE
cloud_new/non-incremental/BV/smt-comp-220.smt2,par,TIMEOUT,
cloud_new/non-incremental/UFDTNIRA/smt-comp-149.smt2,cvc5gg,CRASHED,
cloud_new/non-incremental/UFDTNIRA/smt-comp-149.smt2,vampirecloud,TIMEOUT,
cloud_new/non-incremental/LRA/smt-comp-047.smt2,cvc5gg,CRASHED,
cloud_new/non-incremental/LRA/smt-comp-047.smt2,par,26.335,UNSATISFIABLE
cloud_new/non-incremental/LRA/smt-comp-047.smt2,vampirecloud,41.085,UNSATISFIABLE
cloud_new/non-incremental/QF_LRA/smt-comp-278.smt2,cubeandconquer,1.366,SATISFIABLE
cloud_new/non-incremental/QF_LRA/smt-comp-278.smt2,portfolio,1.375,SATISFIABLE
cloud_new/non-incremental/QF_LRA/smt-comp-278.smt2,cvc5gg,1560.18,SATISFIABLE
cloud_new/non-incremental/QF_LRA/smt-comp-278.smt2,par,0.892,SATISFIABLE
cloud_new/non-incremental/AUFNIRA/smt-comp-214.smt2,cvc5gg,TIMEOUT,
cloud_new/non-incremental/AUFNIRA/smt-comp-214.smt2,vampirecloud,594.384,UNSATISFIABLE
cloud_new/non-incremental/QF_FP/smt-comp-259.smt2,cvc5gg,TIMEOUT,
cloud_new/non-incremental/QF_FP/smt-comp-259.smt2,par,0.008,SATISFIABLE
cloud_new/non-incremental/UFDTNIRA/smt-comp-145.smt2,cvc5gg,CRASHED,
cloud_new/non-incremental/UFDTNIRA/smt-comp-145.smt2,vampirecloud,TIMEOUT,
cloud_new/non-incremental/QF_NRA/smt-comp-110.smt2,cvc5gg,TIMEOUT,
cloud_new/non-incremental/QF_NRA/smt-comp-110.smt2,par,600.092,SATISFIABLE
cloud_new/non-incremental/QF_BV/smt-comp-244.smt2,cvc5gg,TIMEOUT,
cloud_new/non-incremental/QF_BV/smt-comp-244.smt2,par,TIMEOUT,
cloud_new/non-incremental/QF_BV/smt-comp-244.smt2,stp,TIMEOUT,
cloud_new/non-incremental/UF/smt-comp-130.smt2,cvc5gg,TIMEOUT,
cloud_new/non-incremental/UF/smt-comp-130.smt2,par,TIMEOUT,
cloud_new/non-incremental/UF/smt-comp-130.smt2,vampirecloud,23.07,SATISFIABLE
cloud_new/non-incremental/BV/smt-comp-218.smt2,cvc5gg,CRASHED,
cloud_new/non-incremental/BV/smt-comp-218.smt2,par,TIMEOUT,
cloud_new/non-incremental/QF_RDL/smt-comp-303.smt2,cubeandconquer,TIMEOUT,
cloud_new/non-incremental/QF_RDL/smt-comp-303.smt2,portfolio,TIMEOUT,
cloud_new/non-incremental/QF_RDL/smt-comp-303.smt2,cvc5gg,TIMEOUT,
cloud_new/non-incremental/LRA/smt-comp-230.smt2,cvc5gg,CRASHED,
cloud_new/non-incremental/LRA/smt-comp-230.smt2,par,TIMEOUT,
cloud_new/non-incremental/LRA/smt-comp-230.smt2,vampirecloud,TIMEOUT,
cloud_new/non-incremental/QF_NIA/smt-comp-288.smt2,cvc5gg,TIMEOUT,
cloud_new/non-incremental/QF_NIA/smt-comp-288.smt2,par,129.699,SATISFIABLE
cloud_new/non-incremental/QF_FP/smt-comp-076.smt2,cvc5gg,TIMEOUT,
cloud_new/non-incremental/QF_FP/smt-comp-076.smt2,par,0.007,SATISFIABLE
cloud_new/non-incremental/AUFDTLIRA/smt-comp-173.smt2,cvc5gg,2.034,UNSATISFIABLE
cloud_new/non-incremental/AUFDTLIRA/smt-comp-173.smt2,vampirecloud,TIMEOUT,
cloud_new/non-incremental/LRA/smt-comp-045.smt2,cvc5gg,CRASHED,
cloud_new/non-incremental/LRA/smt-comp-045.smt2,par,0.126,SATISFIABLE
cloud_new/non-incremental/LRA/smt-comp-045.smt2,vampirecloud,TIMEOUT,
cloud_new/non-incremental/UF/smt-comp-129.smt2,cvc5gg,TIMEOUT,
cloud_new/non-incremental/UF/smt-comp-129.smt2,par,TIMEOUT,
cloud_new/non-incremental/UF/smt-comp-129.smt2,vampirecloud,4.014,UNSATISFIABLE
cloud_new/non-incremental/QF_IDL/smt-comp-263.smt2,cubeandconquer,TIMEOUT,
cloud_new/non-incremental/QF_IDL/smt-comp-263.smt2,portfolio,TIMEOUT,
cloud_new/non-incremental/QF_IDL/smt-comp-263.smt2,cvc5gg,TIMEOUT,
cloud_new/non-incremental/QF_IDL/smt-comp-263.smt2,par,TIMEOUT,
cloud_new/non-incremental/QF_IDL/smt-comp-260.smt2,cubeandconquer,TIMEOUT,
cloud_new/non-incremental/QF_IDL/smt-comp-260.smt2,portfolio,TIMEOUT,
cloud_new/non-incremental/QF_IDL/smt-comp-260.smt2,cvc5gg,TIMEOUT,
cloud_new/non-incremental/QF_IDL/smt-comp-260.smt2,par,TIMEOUT,
cloud_new/non-incremental/AUFDTLIRA/smt-comp-169.smt2,cvc5gg,1.982,UNSATISFIABLE
cloud_new/non-incremental/AUFDTLIRA/smt-comp-169.smt2,vampirecloud,TIMEOUT,
cloud_new/non-incremental/UFDTLIRA/smt-comp-364.smt2,cvc5gg,2.031,UNSATISFIABLE
cloud_new/non-incremental/UFDTLIRA/smt-comp-364.smt2,vampirecloud,TIMEOUT,
cloud_new/non-incremental/UFBV/smt-comp-333.smt2,cvc5gg,2.04,UNSATISFIABLE
cloud_new/non-incremental/UFBV/smt-comp-333.smt2,par,TIMEOUT,
cloud_new/non-incremental/AUFLIA/smt-comp-180.smt2,cvc5gg,TIMEOUT,
cloud_new/non-incremental/AUFLIA/smt-comp-180.smt2,vampirecloud,29.067,UNSATISFIABLE
cloud_new/non-incremental/UFLIA/smt-comp-153.smt2,cvc5gg,TIMEOUT,
cloud_new/non-incremental/UFLIA/smt-comp-153.smt2,par,44.387,UNSATISFIABLE
cloud_new/non-incremental/UFLIA/smt-comp-153.smt2,vampirecloud,106.67,UNSATISFIABLE
cloud_new/non-incremental/AUFNIRA/smt-comp-211.smt2,cvc5gg,TIMEOUT,
cloud_new/non-incremental/AUFNIRA/smt-comp-211.smt2,par,TIMEOUT,
cloud_new/non-incremental/AUFNIRA/smt-comp-211.smt2,vampirecloud,TIMEOUT,
cloud_new/non-incremental/LRA/smt-comp-228.smt2,cvc5gg,CRASHED,
cloud_new/non-incremental/LRA/smt-comp-228.smt2,par,1342.192,UNSATISFIABLE
cloud_new/non-incremental/LRA/smt-comp-228.smt2,vampirecloud,TIMEOUT,
cloud_new/non-incremental/UFDTLIA/smt-comp-353.smt2,cvc5gg,TIMEOUT,
cloud_new/non-incremental/UFDTLIA/smt-comp-353.smt2,vampirecloud,TIMEOUT,
cloud_new/non-incremental/QF_LIA/smt-comp-093.smt2,cubeandconquer,155.028,SATISFIABLE
cloud_new/non-incremental/QF_LIA/smt-comp-093.smt2,portfolio,137.68,SATISFIABLE
cloud_new/non-incremental/QF_LIA/smt-comp-093.smt2,cvc5gg,TIMEOUT,
cloud_new/non-incremental/QF_LIA/smt-comp-093.smt2,par,1309.95,SATISFIABLE
cloud_new/non-incremental/QF_LIA/smt-comp-274.smt2,cubeandconquer,20.328,SATISFIABLE
cloud_new/non-incremental/QF_LIA/smt-comp-274.smt2,portfolio,24.697,SATISFIABLE
cloud_new/non-incremental/QF_LIA/smt-comp-274.smt2,cvc5gg,TIMEOUT,
cloud_new/non-incremental/QF_LIA/smt-comp-274.smt2,par,409.672,SATISFIABLE
cloud_new/non-incremental/QF_LRA/smt-comp-282.smt2,cubeandconquer,0.673,UNSATISFIABLE
cloud_new/non-incremental/QF_LRA/smt-comp-282.smt2,portfolio,0.653,UNSATISFIABLE
cloud_new/non-incremental/QF_LRA/smt-comp-282.smt2,cvc5gg,9.604,UNSATISFIABLE
cloud_new/non-incremental/QF_LRA/smt-comp-282.smt2,par,1.631,UNSATISFIABLE
cloud_new/non-incremental/QF_RDL/smt-comp-309.smt2,cubeandconquer,TIMEOUT,
cloud_new/non-incremental/QF_RDL/smt-comp-309.smt2,portfolio,TIMEOUT,
cloud_new/non-incremental/QF_RDL/smt-comp-309.smt2,cvc5gg,TIMEOUT,
cloud_new/non-incremental/UFDTLIA/smt-comp-354.smt2,cvc5gg,TIMEOUT,
cloud_new/non-incremental/UFDTLIA/smt-comp-354.smt2,vampirecloud,TIMEOUT,
cloud_new/non-incremental/QF_NIA/smt-comp-291.smt2,cvc5gg,TIMEOUT,
cloud_new/non-incremental/QF_NIA/smt-comp-291.smt2,par,TIMEOUT,
cloud_new/non-incremental/AUFDTNIRA/smt-comp-010.smt2,cvc5gg,CRASHED,
cloud_new/non-incremental/AUFDTNIRA/smt-comp-010.smt2,vampirecloud,TIMEOUT,
cloud_new/non-incremental/QF_UFNRA/smt-comp-315.smt2,cvc5gg,TIMEOUT,
cloud_new/non-incremental/QF_UFNRA/smt-comp-315.smt2,par,TIMEOUT,
cloud_new/non-incremental/LRA/smt-comp-226.smt2,cvc5gg,CRASHED,
cloud_new/non-incremental/LRA/smt-comp-226.smt2,par,1231.119,UNSATISFIABLE
cloud_new/non-incremental/LRA/smt-comp-226.smt2,vampirecloud,42.085,UNSATISFIABLE
cloud_new/non-incremental/BV/smt-comp-038.smt2,cvc5gg,CRASHED,
cloud_new/non-incremental/BV/smt-comp-038.smt2,par,1182.888,SATISFIABLE
cloud_new/non-incremental/UF/smt-comp-126.smt2,cvc5gg,TIMEOUT,
cloud_new/non-incremental/UF/smt-comp-126.smt2,par,TIMEOUT,
cloud_new/non-incremental/UF/smt-comp-126.smt2,vampirecloud,8.026,UNSATISFIABLE
