benchmark,millisecond,result,cpu time,wallclock time,solver,solver id,configuration id,expected,status
non-incremental/UF/smt-comp-108.smt2,830148, sat,830.148,830.148,Vampire,39081,659685,unknown,complete
non-incremental/UF/smt-comp-121.smt2,242, sat,0.242,0.242,Vampire,39081,659685,unknown,complete
non-incremental/UFDT/smt-comp-127.smt2,152178, sat,152.178,152.178,Vampire,39081,659685,unknown,complete
non-incremental/UFDT/smt-comp-132.smt2,161133, sat,161.133,161.133,Vampire,39081,659685,unknown,complete
non-incremental/UFDT/smt-comp-133.smt2,237304, sat,237.304,237.304,Vampire,39081,659685,unknown,complete
non-incremental/UFDT/smt-comp-134.smt2,237880, sat,237.88,237.88,Vampire,39081,659685,unknown,complete
non-incremental/UFDT/smt-comp-135.smt2,142974, sat,142.974,142.974,Vampire,39081,659685,unknown,complete
non-incremental/AUFDTLIRA/smt-comp-004.smt2,1148310, unsat,1148.31,1148.31,Vampire,39081,659685,unknown,complete
non-incremental/AUFLIA/smt-comp-020.smt2,147796, unsat,147.796,147.796,Vampire,39081,659685,unknown,complete
non-incremental/LRA/smt-comp-029.smt2,26187, unsat,26.187,26.187,Vampire,39081,659685,unknown,complete
non-incremental/AUFNIRA/smt-comp-024.smt2,585734, unsat,585.734,585.734,Vampire,39081,659685,unknown,complete
non-incremental/LRA/smt-comp-032.smt2,6202, unsat,6.202,6.202,Vampire,39081,659685,unsat,complete
non-incremental/LRA/smt-comp-033.smt2,7384, unsat,7.384,7.384,Vampire,39081,659685,unsat,complete
non-incremental/AUFLIA/smt-comp-022.smt2,682656, unsat,682.656,682.656,Vampire,39081,659685,unknown,complete
non-incremental/AUFNIRA/smt-comp-025.smt2,763710, unsat,763.71,763.71,Vampire,39081,659685,unknown,complete
non-incremental/AUFNIRA/smt-comp-023.smt2,970513, unsat,970.513,970.513,Vampire,39081,659685,unknown,complete
non-incremental/LRA/smt-comp-037.smt2,4774, unsat,4.774,4.774,Vampire,39081,659685,unsat,complete
non-incremental/LRA/smt-comp-038.smt2,4991, unsat,4.991,4.991,Vampire,39081,659685,unsat,complete
non-incremental/LRA/smt-comp-040.smt2,4915, unsat,4.915,4.915,Vampire,39081,659685,unsat,complete
non-incremental/LRA/smt-comp-041.smt2,19208, unsat,19.208,19.208,Vampire,39081,659685,unsat,complete
non-incremental/LRA/smt-comp-039.smt2,505923, unsat,505.923,505.923,Vampire,39081,659685,unsat,complete
non-incremental/LRA/smt-comp-043.smt2,30596, unsat,30.596,30.596,Vampire,39081,659685,unsat,complete
non-incremental/LRA/smt-comp-045.smt2,5082, unsat,5.082,5.082,Vampire,39081,659685,unsat,complete
non-incremental/NRA/smt-comp-047.smt2,2608, unsat,2.608,2.608,Vampire,39081,659685,unknown,complete
non-incremental/UF/smt-comp-106.smt2,27639, unsat,27.639,27.639,Vampire,39081,659685,unsat,complete
non-incremental/UF/smt-comp-107.smt2,92164, unsat,92.164,92.164,Vampire,39081,659685,unsat,complete
non-incremental/UF/smt-comp-109.smt2,377155, unsat,377.155,377.155,Vampire,39081,659685,unknown,complete
non-incremental/UF/smt-comp-112.smt2,18866, unsat,18.866,18.866,Vampire,39081,659685,unknown,complete
non-incremental/UF/smt-comp-116.smt2,25397, unsat,25.397,25.397,Vampire,39081,659685,unknown,complete
non-incremental/UF/smt-comp-118.smt2,37190, unsat,37.19,37.19,Vampire,39081,659685,unknown,complete
non-incremental/UF/smt-comp-119.smt2,1737, unsat,1.737,1.737,Vampire,39081,659685,unsat,complete
non-incremental/UF/smt-comp-120.smt2,1591, unsat,1.591,1.591,Vampire,39081,659685,unsat,complete
non-incremental/UF/smt-comp-122.smt2,2141, unsat,2.141,2.141,Vampire,39081,659685,unsat,complete
non-incremental/UF/smt-comp-123.smt2,1601, unsat,1.601,1.601,Vampire,39081,659685,unsat,complete
non-incremental/UF/smt-comp-124.smt2,466, unsat,0.466,0.466,Vampire,39081,659685,unknown,complete
non-incremental/UF/smt-comp-125.smt2,208, unsat,0.208,0.208,Vampire,39081,659685,unknown,complete
non-incremental/UF/smt-comp-126.smt2,229526, unsat,229.526,229.526,Vampire,39081,659685,unknown,complete
non-incremental/UFDT/smt-comp-128.smt2,699, unsat,0.699,0.699,Vampire,39081,659685,unknown,complete
non-incremental/UFDT/smt-comp-130.smt2,820146, unsat,820.146,820.146,Vampire,39081,659685,unknown,complete
non-incremental/UFDT/smt-comp-138.smt2,4090, unsat,4.09,4.09,Vampire,39081,659685,unknown,complete
non-incremental/UFDT/smt-comp-139.smt2,2712, unsat,2.712,2.712,Vampire,39081,659685,unknown,complete
non-incremental/UFDT/smt-comp-141.smt2,8307, unsat,8.307,8.307,Vampire,39081,659685,unknown,complete
non-incremental/UFDT/smt-comp-143.smt2,9921, unsat,9.921,9.921,Vampire,39081,659685,unknown,complete
non-incremental/UFDT/smt-comp-145.smt2,393, unsat,0.393,0.393,Vampire,39081,659685,unsat,complete
non-incremental/UFLIA/smt-comp-154.smt2,114093, unsat,114.093,114.093,Vampire,39081,659685,unknown,complete
non-incremental/UFLIA/smt-comp-160.smt2,1540, unsat,1.54,1.54,Vampire,39081,659685,unknown,complete
non-incremental/UFLIA/smt-comp-161.smt2,3613, unsat,3.613,3.613,Vampire,39081,659685,unknown,complete
non-incremental/UFLIA/smt-comp-162.smt2,1203, unsat,1.203,1.203,Vampire,39081,659685,unknown,complete
non-incremental/AUFNIRA/smt-comp-217.smt2,42894, unsat,42.894,42.894,Vampire,39081,659685,unsat,complete
non-incremental/AUFNIRA/smt-comp-222.smt2,524402, unsat,524.402,524.402,Vampire,39081,659685,unknown,complete
non-incremental/LRA/smt-comp-237.smt2,10709, unsat,10.709,10.709,Vampire,39081,659685,unknown,complete
non-incremental/LRA/smt-comp-239.smt2,4050, unsat,4.05,4.05,Vampire,39081,659685,unsat,complete
non-incremental/LRA/smt-comp-240.smt2,7313, unsat,7.313,7.313,Vampire,39081,659685,unsat,complete
non-incremental/LRA/smt-comp-247.smt2,928, unsat,0.928,0.928,Vampire,39081,659685,unsat,complete
non-incremental/LRA/smt-comp-253.smt2,2026, unsat,2.026,2.026,Vampire,39081,659685,unsat,complete
non-incremental/UFDT/smt-comp-337.smt2,17513, unsat,17.513,17.513,Vampire,39081,659685,unknown,complete
non-incremental/UFNIA/smt-comp-398.smt2,1430, unsat,1.43,1.43,Vampire,39081,659685,unsat,complete
non-incremental/AUFDTLIRA/smt-comp-000.smt2,1200000, timeout,1200.0,1200.0,Vampire,39081,659685,unknown,complete
non-incremental/AUFDTLIRA/smt-comp-001.smt2,1200000, timeout,1200.0,1200.0,Vampire,39081,659685,unknown,complete
non-incremental/AUFDTLIRA/smt-comp-002.smt2,1200000, timeout,1200.0,1200.0,Vampire,39081,659685,unknown,complete
non-incremental/AUFDTLIRA/smt-comp-003.smt2,1200000, timeout,1200.0,1200.0,Vampire,39081,659685,unknown,complete
non-incremental/AUFDTLIRA/smt-comp-005.smt2,1200000, timeout,1200.0,1200.0,Vampire,39081,659685,unknown,complete
non-incremental/AUFDTLIRA/smt-comp-006.smt2,1200000, timeout,1200.0,1200.0,Vampire,39081,659685,unknown,complete
non-incremental/AUFDTLIRA/smt-comp-007.smt2,1200000, timeout,1200.0,1200.0,Vampire,39081,659685,unknown,complete
non-incremental/AUFDTLIRA/smt-comp-008.smt2,1200000, timeout,1200.0,1200.0,Vampire,39081,659685,unknown,complete
non-incremental/AUFDTNIRA/smt-comp-009.smt2,1200000, timeout,1200.0,1200.0,Vampire,39081,659685,unknown,complete
non-incremental/AUFDTNIRA/smt-comp-010.smt2,1200000, timeout,1200.0,1200.0,Vampire,39081,659685,unknown,complete
non-incremental/AUFDTNIRA/smt-comp-011.smt2,1200000, timeout,1200.0,1200.0,Vampire,39081,659685,unknown,complete
non-incremental/AUFDTNIRA/smt-comp-012.smt2,1200000, timeout,1200.0,1200.0,Vampire,39081,659685,unknown,complete
non-incremental/AUFDTNIRA/smt-comp-013.smt2,1200000, timeout,1200.0,1200.0,Vampire,39081,659685,unknown,complete
non-incremental/AUFDTNIRA/smt-comp-014.smt2,1200000, timeout,1200.0,1200.0,Vampire,39081,659685,unknown,complete
non-incremental/AUFDTNIRA/smt-comp-015.smt2,1200000, timeout,1200.0,1200.0,Vampire,39081,659685,unknown,complete
non-incremental/AUFDTNIRA/smt-comp-016.smt2,1200000, timeout,1200.0,1200.0,Vampire,39081,659685,unknown,complete
non-incremental/AUFDTNIRA/smt-comp-017.smt2,1200000, timeout,1200.0,1200.0,Vampire,39081,659685,unknown,complete
non-incremental/AUFLIA/smt-comp-018.smt2,1200000, timeout,1200.0,1200.0,Vampire,39081,659685,unknown,complete
non-incremental/AUFLIA/smt-comp-019.smt2,1200000, timeout,1200.0,1200.0,Vampire,39081,659685,unknown,complete
non-incremental/AUFLIA/smt-comp-021.smt2,1200000, timeout,1200.0,1200.0,Vampire,39081,659685,unknown,complete
non-incremental/AUFNIRA/smt-comp-026.smt2,1200000, timeout,1200.0,1200.0,Vampire,39081,659685,unknown,complete
non-incremental/LRA/smt-comp-027.smt2,1200000, timeout,1200.0,1200.0,Vampire,39081,659685,sat,complete
non-incremental/LRA/smt-comp-028.smt2,1200000, timeout,1200.0,1200.0,Vampire,39081,659685,unknown,complete
non-incremental/LRA/smt-comp-030.smt2,1200000, timeout,1200.0,1200.0,Vampire,39081,659685,unknown,complete
non-incremental/LRA/smt-comp-031.smt2,1200000, timeout,1200.0,1200.0,Vampire,39081,659685,unsat,complete
non-incremental/LRA/smt-comp-034.smt2,1200000, timeout,1200.0,1200.0,Vampire,39081,659685,unknown,complete
non-incremental/LRA/smt-comp-035.smt2,1200000, timeout,1200.0,1200.0,Vampire,39081,659685,unknown,complete
non-incremental/LRA/smt-comp-036.smt2,1200000, timeout,1200.0,1200.0,Vampire,39081,659685,unknown,complete
non-incremental/LRA/smt-comp-042.smt2,1200000, timeout,1200.0,1200.0,Vampire,39081,659685,unknown,complete
non-incremental/LRA/smt-comp-044.smt2,1200000, timeout,1200.0,1200.0,Vampire,39081,659685,unsat,complete
non-incremental/LRA/smt-comp-046.smt2,1200000, timeout,1200.0,1200.0,Vampire,39081,659685,unknown,complete
non-incremental/UF/smt-comp-110.smt2,1200000, timeout,1200.0,1200.0,Vampire,39081,659685,unknown,complete
non-incremental/UF/smt-comp-111.smt2,1200000, timeout,1200.0,1200.0,Vampire,39081,659685,unknown,complete
non-incremental/UF/smt-comp-113.smt2,1200000, timeout,1200.0,1200.0,Vampire,39081,659685,unknown,complete
non-incremental/UF/smt-comp-114.smt2,1200000, timeout,1200.0,1200.0,Vampire,39081,659685,unknown,complete
non-incremental/UF/smt-comp-115.smt2,1200000, timeout,1200.0,1200.0,Vampire,39081,659685,unknown,complete
non-incremental/UF/smt-comp-117.smt2,1200000, timeout,1200.0,1200.0,Vampire,39081,659685,unknown,complete
non-incremental/UFDT/smt-comp-129.smt2,1200000, timeout,1200.0,1200.0,Vampire,39081,659685,unknown,complete
non-incremental/UFDT/smt-comp-131.smt2,1200000, timeout,1200.0,1200.0,Vampire,39081,659685,unknown,complete
non-incremental/UFDT/smt-comp-137.smt2,1200000, timeout,1200.0,1200.0,Vampire,39081,659685,unknown,complete
non-incremental/UFDT/smt-comp-136.smt2,1200000, timeout,1200.0,1200.0,Vampire,39081,659685,unknown,complete
non-incremental/UFDT/smt-comp-140.smt2,1200000, timeout,1200.0,1200.0,Vampire,39081,659685,unknown,complete
non-incremental/UFDT/smt-comp-142.smt2,1200000, timeout,1200.0,1200.0,Vampire,39081,659685,unknown,complete
non-incremental/UFDT/smt-comp-144.smt2,1200000, timeout,1200.0,1200.0,Vampire,39081,659685,unknown,complete
non-incremental/UFDTLIA/smt-comp-146.smt2,1200000, timeout,1200.0,1200.0,Vampire,39081,659685,unknown,complete
non-incremental/UFDTLIRA/smt-comp-147.smt2,1200000, timeout,1200.0,1200.0,Vampire,39081,659685,unknown,complete
non-incremental/UFDTLIRA/smt-comp-148.smt2,1200000, timeout,1200.0,1200.0,Vampire,39081,659685,unknown,complete
non-incremental/UFDTLIRA/smt-comp-149.smt2,1200000, timeout,1200.0,1200.0,Vampire,39081,659685,unknown,complete
non-incremental/UFDTNIRA/smt-comp-150.smt2,1200000, timeout,1200.0,1200.0,Vampire,39081,659685,unknown,complete
non-incremental/UFLIA/smt-comp-155.smt2,1200000, timeout,1200.0,1200.0,Vampire,39081,659685,unknown,complete
non-incremental/UFDTNIRA/smt-comp-151.smt2,1200000, timeout,1200.0,1200.0,Vampire,39081,659685,unknown,complete
non-incremental/UFLIA/smt-comp-159.smt2,1200000, timeout,1200.0,1200.0,Vampire,39081,659685,unknown,complete
non-incremental/UFDTNIRA/smt-comp-152.smt2,1200000, timeout,1200.0,1200.0,Vampire,39081,659685,unknown,complete
non-incremental/UFLIA/smt-comp-156.smt2,1200000, timeout,1200.0,1200.0,Vampire,39081,659685,unknown,complete
non-incremental/UFLIA/smt-comp-153.smt2,1200000, timeout,1200.0,1200.0,Vampire,39081,659685,unsat,complete
non-incremental/UFLIA/smt-comp-157.smt2,1200000, timeout,1200.0,1200.0,Vampire,39081,659685,unsat,complete
non-incremental/UFLIA/smt-comp-158.smt2,1200000, timeout,1200.0,1200.0,Vampire,39081,659685,unsat,complete
non-incremental/UFNIA/smt-comp-163.smt2,1200000, timeout,1200.0,1200.0,Vampire,39081,659685,unknown,complete
non-incremental/UFNIA/smt-comp-164.smt2,1200000, timeout,1200.0,1200.0,Vampire,39081,659685,unknown,complete
non-incremental/UFNIA/smt-comp-165.smt2,1200000, timeout,1200.0,1200.0,Vampire,39081,659685,unknown,complete
non-incremental/UFNIA/smt-comp-166.smt2,1200000, timeout,1200.0,1200.0,Vampire,39081,659685,unknown,complete
non-incremental/UFNIA/smt-comp-167.smt2,1200000, timeout,1200.0,1200.0,Vampire,39081,659685,unknown,complete
non-incremental/UFNIA/smt-comp-168.smt2,1200000, timeout,1200.0,1200.0,Vampire,39081,659685,unknown,complete
non-incremental/UFNIA/smt-comp-169.smt2,1200000, timeout,1200.0,1200.0,Vampire,39081,659685,unknown,complete
non-incremental/UFNIA/smt-comp-170.smt2,1200000, timeout,1200.0,1200.0,Vampire,39081,659685,unknown,complete
non-incremental/UFNIA/smt-comp-171.smt2,1200000, timeout,1200.0,1200.0,Vampire,39081,659685,unknown,complete
non-incremental/UFNIA/smt-comp-172.smt2,1200000, timeout,1200.0,1200.0,Vampire,39081,659685,unknown,complete
non-incremental/UFNIA/smt-comp-173.smt2,1200000, timeout,1200.0,1200.0,Vampire,39081,659685,unknown,complete
non-incremental/UFNIA/smt-comp-174.smt2,1200000, timeout,1200.0,1200.0,Vampire,39081,659685,unknown,complete
non-incremental/UFNIA/smt-comp-175.smt2,1200000, timeout,1200.0,1200.0,Vampire,39081,659685,unknown,complete
non-incremental/UFNIA/smt-comp-176.smt2,1200000, timeout,1200.0,1200.0,Vampire,39081,659685,unknown,complete
non-incremental/UFNIA/smt-comp-177.smt2,1200000, timeout,1200.0,1200.0,Vampire,39081,659685,unknown,complete
non-incremental/UFNIA/smt-comp-178.smt2,1200000, timeout,1200.0,1200.0,Vampire,39081,659685,unknown,complete
non-incremental/AUFDTLIRA/smt-comp-179.smt2,1200000, timeout,1200.0,1200.0,Vampire,39081,659685,unknown,complete
non-incremental/AUFDTLIRA/smt-comp-180.smt2,1200000, timeout,1200.0,1200.0,Vampire,39081,659685,unknown,complete
non-incremental/AUFDTLIRA/smt-comp-181.smt2,1200000, timeout,1200.0,1200.0,Vampire,39081,659685,unknown,complete
non-incremental/AUFDTLIRA/smt-comp-182.smt2,1200000, timeout,1200.0,1200.0,Vampire,39081,659685,unknown,complete
non-incremental/AUFDTLIRA/smt-comp-183.smt2,1200000, timeout,1200.0,1200.0,Vampire,39081,659685,unknown,complete
non-incremental/AUFDTLIRA/smt-comp-184.smt2,1200000, timeout,1200.0,1200.0,Vampire,39081,659685,unknown,complete
non-incremental/AUFDTLIRA/smt-comp-185.smt2,1200000, timeout,1200.0,1200.0,Vampire,39081,659685,unknown,complete
non-incremental/AUFDTLIRA/smt-comp-186.smt2,1200000, timeout,1200.0,1200.0,Vampire,39081,659685,unknown,complete
non-incremental/AUFDTLIRA/smt-comp-187.smt2,1200000, timeout,1200.0,1200.0,Vampire,39081,659685,unknown,complete
non-incremental/AUFLIA/smt-comp-188.smt2,1200000, timeout,1200.0,1200.0,Vampire,39081,659685,unknown,complete
non-incremental/AUFLIA/smt-comp-189.smt2,1200000, timeout,1200.0,1200.0,Vampire,39081,659685,unknown,complete
non-incremental/AUFLIA/smt-comp-190.smt2,1200000, timeout,1200.0,1200.0,Vampire,39081,659685,unknown,complete
non-incremental/AUFLIA/smt-comp-191.smt2,1200000, timeout,1200.0,1200.0,Vampire,39081,659685,unknown,complete
non-incremental/AUFLIA/smt-comp-192.smt2,1200000, timeout,1200.0,1200.0,Vampire,39081,659685,unknown,complete
non-incremental/AUFLIRA/smt-comp-193.smt2,1200000, timeout,1200.0,1200.0,Vampire,39081,659685,unknown,complete
non-incremental/AUFLIRA/smt-comp-194.smt2,1200000, timeout,1200.0,1200.0,Vampire,39081,659685,unknown,complete
non-incremental/AUFLIRA/smt-comp-195.smt2,1200000, timeout,1200.0,1200.0,Vampire,39081,659685,unknown,complete
non-incremental/AUFLIRA/smt-comp-196.smt2,1200000, timeout,1200.0,1200.0,Vampire,39081,659685,unknown,complete
non-incremental/AUFLIRA/smt-comp-197.smt2,1200000, timeout,1200.0,1200.0,Vampire,39081,659685,unknown,complete
non-incremental/AUFLIRA/smt-comp-198.smt2,1200000, timeout,1200.0,1200.0,Vampire,39081,659685,unknown,complete
non-incremental/AUFLIRA/smt-comp-199.smt2,1200000, timeout,1200.0,1200.0,Vampire,39081,659685,unknown,complete
non-incremental/AUFNIRA/smt-comp-200.smt2,1200000, timeout,1200.0,1200.0,Vampire,39081,659685,unknown,complete
non-incremental/AUFNIRA/smt-comp-201.smt2,1200000, timeout,1200.0,1200.0,Vampire,39081,659685,unknown,complete
non-incremental/AUFNIRA/smt-comp-202.smt2,1200000, timeout,1200.0,1200.0,Vampire,39081,659685,unknown,complete
non-incremental/AUFNIRA/smt-comp-203.smt2,1200000, timeout,1200.0,1200.0,Vampire,39081,659685,unknown,complete
non-incremental/AUFNIRA/smt-comp-204.smt2,1200000, timeout,1200.0,1200.0,Vampire,39081,659685,unknown,complete
non-incremental/AUFNIRA/smt-comp-205.smt2,1200000, timeout,1200.0,1200.0,Vampire,39081,659685,unknown,complete
non-incremental/AUFNIRA/smt-comp-206.smt2,1200000, timeout,1200.0,1200.0,Vampire,39081,659685,unknown,complete
non-incremental/AUFNIRA/smt-comp-207.smt2,1200000, timeout,1200.0,1200.0,Vampire,39081,659685,unknown,complete
non-incremental/AUFNIRA/smt-comp-208.smt2,1200000, timeout,1200.0,1200.0,Vampire,39081,659685,unknown,complete
non-incremental/AUFNIRA/smt-comp-209.smt2,1200000, timeout,1200.0,1200.0,Vampire,39081,659685,unknown,complete
non-incremental/AUFNIRA/smt-comp-210.smt2,1200000, timeout,1200.0,1200.0,Vampire,39081,659685,unknown,complete
non-incremental/AUFNIRA/smt-comp-211.smt2,1200000, timeout,1200.0,1200.0,Vampire,39081,659685,unknown,complete
non-incremental/AUFNIRA/smt-comp-212.smt2,1200000, timeout,1200.0,1200.0,Vampire,39081,659685,unknown,complete
non-incremental/AUFNIRA/smt-comp-216.smt2,1200000, timeout,1200.0,1200.0,Vampire,39081,659685,unknown,complete
non-incremental/AUFNIRA/smt-comp-213.smt2,1200000, timeout,1200.0,1200.0,Vampire,39081,659685,unknown,complete
non-incremental/AUFNIRA/smt-comp-214.smt2,1200000, timeout,1200.0,1200.0,Vampire,39081,659685,unknown,complete
non-incremental/AUFNIRA/smt-comp-215.smt2,1200000, timeout,1200.0,1200.0,Vampire,39081,659685,unknown,complete
non-incremental/AUFNIRA/smt-comp-218.smt2,1200000, timeout,1200.0,1200.0,Vampire,39081,659685,unknown,complete
non-incremental/AUFNIRA/smt-comp-219.smt2,1200000, timeout,1200.0,1200.0,Vampire,39081,659685,unknown,complete
non-incremental/AUFNIRA/smt-comp-220.smt2,1200000, timeout,1200.0,1200.0,Vampire,39081,659685,unknown,complete
non-incremental/AUFNIRA/smt-comp-221.smt2,1200000, timeout,1200.0,1200.0,Vampire,39081,659685,unknown,complete
non-incremental/AUFNIRA/smt-comp-223.smt2,1200000, timeout,1200.0,1200.0,Vampire,39081,659685,unknown,complete
non-incremental/AUFNIRA/smt-comp-224.smt2,1200000, timeout,1200.0,1200.0,Vampire,39081,659685,unknown,complete
non-incremental/AUFNIRA/smt-comp-225.smt2,1200000, timeout,1200.0,1200.0,Vampire,39081,659685,unknown,complete
non-incremental/AUFNIRA/smt-comp-226.smt2,1200000, timeout,1200.0,1200.0,Vampire,39081,659685,unknown,complete
non-incremental/AUFNIRA/smt-comp-227.smt2,1200000, timeout,1200.0,1200.0,Vampire,39081,659685,unknown,complete
non-incremental/AUFNIRA/smt-comp-228.smt2,1200000, timeout,1200.0,1200.0,Vampire,39081,659685,unknown,complete
non-incremental/AUFNIRA/smt-comp-229.smt2,1200000, timeout,1200.0,1200.0,Vampire,39081,659685,unknown,complete
non-incremental/AUFNIRA/smt-comp-230.smt2,1200000, timeout,1200.0,1200.0,Vampire,39081,659685,unknown,complete
non-incremental/AUFNIRA/smt-comp-231.smt2,1200000, timeout,1200.0,1200.0,Vampire,39081,659685,unknown,complete
non-incremental/AUFNIRA/smt-comp-232.smt2,1200000, timeout,1200.0,1200.0,Vampire,39081,659685,unknown,complete
non-incremental/AUFNIRA/smt-comp-233.smt2,1200000, timeout,1200.0,1200.0,Vampire,39081,659685,unknown,complete
non-incremental/LRA/smt-comp-234.smt2,1200000, timeout,1200.0,1200.0,Vampire,39081,659685,unknown,complete
non-incremental/LRA/smt-comp-235.smt2,1200000, timeout,1200.0,1200.0,Vampire,39081,659685,unknown,complete
non-incremental/LRA/smt-comp-236.smt2,1200000, timeout,1200.0,1200.0,Vampire,39081,659685,unknown,complete
non-incremental/LRA/smt-comp-238.smt2,1200000, timeout,1200.0,1200.0,Vampire,39081,659685,unknown,complete
non-incremental/LRA/smt-comp-241.smt2,1200000, timeout,1200.0,1200.0,Vampire,39081,659685,unknown,complete
non-incremental/LRA/smt-comp-242.smt2,1200000, timeout,1200.0,1200.0,Vampire,39081,659685,unknown,complete
non-incremental/LRA/smt-comp-243.smt2,1200000, timeout,1200.0,1200.0,Vampire,39081,659685,unknown,complete
non-incremental/LRA/smt-comp-244.smt2,1200000, timeout,1200.0,1200.0,Vampire,39081,659685,unsat,complete
non-incremental/LRA/smt-comp-245.smt2,1200000, timeout,1200.0,1200.0,Vampire,39081,659685,unsat,complete
non-incremental/LRA/smt-comp-246.smt2,1200000, timeout,1200.0,1200.0,Vampire,39081,659685,unknown,complete
non-incremental/LRA/smt-comp-248.smt2,1200000, timeout,1200.0,1200.0,Vampire,39081,659685,unknown,complete
non-incremental/LRA/smt-comp-249.smt2,1200000, timeout,1200.0,1200.0,Vampire,39081,659685,unsat,complete
non-incremental/LRA/smt-comp-250.smt2,1200000, timeout,1200.0,1200.0,Vampire,39081,659685,unknown,complete
non-incremental/LRA/smt-comp-251.smt2,1200000, timeout,1200.0,1200.0,Vampire,39081,659685,unknown,complete
non-incremental/LRA/smt-comp-252.smt2,1200000, timeout,1200.0,1200.0,Vampire,39081,659685,unsat,complete
non-incremental/UF/smt-comp-309.smt2,1200000, timeout,1200.0,1200.0,Vampire,39081,659685,unknown,complete
non-incremental/UF/smt-comp-310.smt2,1200000, timeout,1200.0,1200.0,Vampire,39081,659685,unknown,complete
non-incremental/UF/smt-comp-311.smt2,1200000, timeout,1200.0,1200.0,Vampire,39081,659685,unknown,complete
non-incremental/UF/smt-comp-312.smt2,1200000, timeout,1200.0,1200.0,Vampire,39081,659685,unknown,complete
non-incremental/UF/smt-comp-313.smt2,1200000, timeout,1200.0,1200.0,Vampire,39081,659685,unknown,complete
non-incremental/UF/smt-comp-314.smt2,1200000, timeout,1200.0,1200.0,Vampire,39081,659685,unknown,complete
non-incremental/UF/smt-comp-315.smt2,1200000, timeout,1200.0,1200.0,Vampire,39081,659685,unknown,complete
non-incremental/UF/smt-comp-316.smt2,1200000, timeout,1200.0,1200.0,Vampire,39081,659685,unknown,complete
non-incremental/UF/smt-comp-317.smt2,1200000, timeout,1200.0,1200.0,Vampire,39081,659685,unknown,complete
non-incremental/UF/smt-comp-318.smt2,1200000, timeout,1200.0,1200.0,Vampire,39081,659685,unknown,complete
non-incremental/UF/smt-comp-319.smt2,1200000, timeout,1200.0,1200.0,Vampire,39081,659685,unknown,complete
non-incremental/UF/smt-comp-320.smt2,1200000, timeout,1200.0,1200.0,Vampire,39081,659685,unknown,complete
non-incremental/UF/smt-comp-321.smt2,1200000, timeout,1200.0,1200.0,Vampire,39081,659685,unknown,complete
non-incremental/UF/smt-comp-322.smt2,1200000, timeout,1200.0,1200.0,Vampire,39081,659685,unknown,complete
non-incremental/UF/smt-comp-323.smt2,1200000, timeout,1200.0,1200.0,Vampire,39081,659685,unknown,complete
non-incremental/UF/smt-comp-324.smt2,1200000, timeout,1200.0,1200.0,Vampire,39081,659685,unknown,complete
non-incremental/UF/smt-comp-325.smt2,1200000, timeout,1200.0,1200.0,Vampire,39081,659685,unknown,complete
non-incremental/UF/smt-comp-326.smt2,1200000, timeout,1200.0,1200.0,Vampire,39081,659685,unknown,complete
non-incremental/UF/smt-comp-327.smt2,1200000, timeout,1200.0,1200.0,Vampire,39081,659685,unknown,complete
non-incremental/UF/smt-comp-328.smt2,1200000, timeout,1200.0,1200.0,Vampire,39081,659685,unknown,complete
non-incremental/UFDT/smt-comp-329.smt2,1200000, timeout,1200.0,1200.0,Vampire,39081,659685,unknown,complete
non-incremental/UFDT/smt-comp-330.smt2,1200000, timeout,1200.0,1200.0,Vampire,39081,659685,unknown,complete
non-incremental/UFDT/smt-comp-331.smt2,1200000, timeout,1200.0,1200.0,Vampire,39081,659685,unknown,complete
non-incremental/UFDT/smt-comp-332.smt2,1200000, timeout,1200.0,1200.0,Vampire,39081,659685,unknown,complete
non-incremental/UFDT/smt-comp-333.smt2,1200000, timeout,1200.0,1200.0,Vampire,39081,659685,unknown,complete
non-incremental/UFDT/smt-comp-334.smt2,1200000, timeout,1200.0,1200.0,Vampire,39081,659685,unknown,complete
non-incremental/UFDT/smt-comp-335.smt2,1200000, timeout,1200.0,1200.0,Vampire,39081,659685,unknown,complete
non-incremental/UFDT/smt-comp-336.smt2,1200000, timeout,1200.0,1200.0,Vampire,39081,659685,unknown,complete
non-incremental/UFDT/smt-comp-338.smt2,1200000, timeout,1200.0,1200.0,Vampire,39081,659685,unknown,complete
non-incremental/UFDT/smt-comp-339.smt2,1200000, timeout,1200.0,1200.0,Vampire,39081,659685,unknown,complete
non-incremental/UFDT/smt-comp-340.smt2,1200000, timeout,1200.0,1200.0,Vampire,39081,659685,unknown,complete
non-incremental/UFDT/smt-comp-341.smt2,1200000, timeout,1200.0,1200.0,Vampire,39081,659685,unknown,complete
non-incremental/UFDT/smt-comp-342.smt2,1200000, timeout,1200.0,1200.0,Vampire,39081,659685,unknown,complete
non-incremental/UFDT/smt-comp-343.smt2,1200000, timeout,1200.0,1200.0,Vampire,39081,659685,unknown,complete
non-incremental/UFDT/smt-comp-344.smt2,1200000, timeout,1200.0,1200.0,Vampire,39081,659685,unknown,complete
non-incremental/UFDT/smt-comp-345.smt2,1200000, timeout,1200.0,1200.0,Vampire,39081,659685,unknown,complete
non-incremental/UFDT/smt-comp-346.smt2,1200000, timeout,1200.0,1200.0,Vampire,39081,659685,unknown,complete
non-incremental/UFDT/smt-comp-347.smt2,1200000, timeout,1200.0,1200.0,Vampire,39081,659685,unknown,complete
non-incremental/UFDTLIA/smt-comp-348.smt2,1200000, timeout,1200.0,1200.0,Vampire,39081,659685,unknown,complete
non-incremental/UFDTLIA/smt-comp-349.smt2,1200000, timeout,1200.0,1200.0,Vampire,39081,659685,unknown,complete
non-incremental/UFDTLIA/smt-comp-350.smt2,1200000, timeout,1200.0,1200.0,Vampire,39081,659685,unknown,complete
non-incremental/UFDTLIA/smt-comp-351.smt2,1200000, timeout,1200.0,1200.0,Vampire,39081,659685,unknown,complete
non-incremental/UFDTLIA/smt-comp-352.smt2,1200000, timeout,1200.0,1200.0,Vampire,39081,659685,unknown,complete
non-incremental/UFDTLIA/smt-comp-353.smt2,1200000, timeout,1200.0,1200.0,Vampire,39081,659685,unknown,complete
non-incremental/UFDTLIRA/smt-comp-354.smt2,1200000, timeout,1200.0,1200.0,Vampire,39081,659685,unknown,complete
non-incremental/UFDTLIRA/smt-comp-355.smt2,1200000, timeout,1200.0,1200.0,Vampire,39081,659685,unknown,complete
non-incremental/UFDTLIRA/smt-comp-356.smt2,1200000, timeout,1200.0,1200.0,Vampire,39081,659685,unknown,complete
non-incremental/UFDTLIRA/smt-comp-357.smt2,1200000, timeout,1200.0,1200.0,Vampire,39081,659685,unknown,complete
non-incremental/UFDTLIRA/smt-comp-358.smt2,1200000, timeout,1200.0,1200.0,Vampire,39081,659685,unknown,complete
non-incremental/UFDTLIRA/smt-comp-359.smt2,1200000, timeout,1200.0,1200.0,Vampire,39081,659685,unknown,complete
non-incremental/UFDTLIRA/smt-comp-360.smt2,1200000, timeout,1200.0,1200.0,Vampire,39081,659685,unknown,complete
non-incremental/UFDTLIRA/smt-comp-361.smt2,1200000, timeout,1200.0,1200.0,Vampire,39081,659685,unknown,complete
non-incremental/UFDTLIRA/smt-comp-362.smt2,1200000, timeout,1200.0,1200.0,Vampire,39081,659685,unknown,complete
non-incremental/UFDTLIRA/smt-comp-363.smt2,1200000, timeout,1200.0,1200.0,Vampire,39081,659685,unknown,complete
non-incremental/UFDTLIRA/smt-comp-364.smt2,1200000, timeout,1200.0,1200.0,Vampire,39081,659685,unknown,complete
non-incremental/UFDTLIRA/smt-comp-365.smt2,1200000, timeout,1200.0,1200.0,Vampire,39081,659685,unknown,complete
non-incremental/UFDTLIRA/smt-comp-366.smt2,1200000, timeout,1200.0,1200.0,Vampire,39081,659685,unknown,complete
non-incremental/UFDTLIRA/smt-comp-367.smt2,1200000, timeout,1200.0,1200.0,Vampire,39081,659685,unknown,complete
non-incremental/UFDTLIRA/smt-comp-368.smt2,1200000, timeout,1200.0,1200.0,Vampire,39081,659685,unknown,complete
non-incremental/UFDTLIRA/smt-comp-369.smt2,1200000, timeout,1200.0,1200.0,Vampire,39081,659685,unknown,complete
non-incremental/UFDTLIRA/smt-comp-370.smt2,1200000, timeout,1200.0,1200.0,Vampire,39081,659685,unknown,complete
non-incremental/UFDTLIRA/smt-comp-371.smt2,1200000, timeout,1200.0,1200.0,Vampire,39081,659685,unknown,complete
non-incremental/UFDTLIRA/smt-comp-372.smt2,1200000, timeout,1200.0,1200.0,Vampire,39081,659685,unknown,complete
non-incremental/UFDTLIRA/smt-comp-373.smt2,1200000, timeout,1200.0,1200.0,Vampire,39081,659685,unknown,complete
non-incremental/UFDTNIRA/smt-comp-374.smt2,1200000, timeout,1200.0,1200.0,Vampire,39081,659685,unknown,complete
non-incremental/UFDTNIRA/smt-comp-375.smt2,1200000, timeout,1200.0,1200.0,Vampire,39081,659685,unknown,complete
non-incremental/UFLIA/smt-comp-376.smt2,1200000, timeout,1200.0,1200.0,Vampire,39081,659685,unknown,complete
non-incremental/UFLIA/smt-comp-377.smt2,1200000, timeout,1200.0,1200.0,Vampire,39081,659685,unknown,complete
non-incremental/UFLIA/smt-comp-378.smt2,1200000, timeout,1200.0,1200.0,Vampire,39081,659685,unknown,complete
non-incremental/UFLIA/smt-comp-379.smt2,1200000, timeout,1200.0,1200.0,Vampire,39081,659685,unknown,complete
non-incremental/UFLIA/smt-comp-380.smt2,1200000, timeout,1200.0,1200.0,Vampire,39081,659685,unknown,complete
non-incremental/UFLIA/smt-comp-381.smt2,1200000, timeout,1200.0,1200.0,Vampire,39081,659685,unknown,complete
non-incremental/UFLIA/smt-comp-382.smt2,1200000, timeout,1200.0,1200.0,Vampire,39081,659685,unknown,complete
non-incremental/UFLIA/smt-comp-383.smt2,1200000, timeout,1200.0,1200.0,Vampire,39081,659685,unknown,complete
non-incremental/UFLIA/smt-comp-384.smt2,1200000, timeout,1200.0,1200.0,Vampire,39081,659685,unknown,complete
non-incremental/UFNIA/smt-comp-385.smt2,1200000, timeout,1200.0,1200.0,Vampire,39081,659685,unknown,complete
non-incremental/UFNIA/smt-comp-386.smt2,1200000, timeout,1200.0,1200.0,Vampire,39081,659685,unknown,complete
non-incremental/UFNIA/smt-comp-387.smt2,1200000, timeout,1200.0,1200.0,Vampire,39081,659685,unknown,complete
non-incremental/UFNIA/smt-comp-388.smt2,1200000, timeout,1200.0,1200.0,Vampire,39081,659685,unknown,complete
non-incremental/UFNIA/smt-comp-389.smt2,1200000, timeout,1200.0,1200.0,Vampire,39081,659685,unknown,complete
non-incremental/UFNIA/smt-comp-390.smt2,1200000, timeout,1200.0,1200.0,Vampire,39081,659685,unknown,complete
non-incremental/UFNIA/smt-comp-391.smt2,1200000, timeout,1200.0,1200.0,Vampire,39081,659685,unknown,complete
non-incremental/UFNIA/smt-comp-392.smt2,1200000, timeout,1200.0,1200.0,Vampire,39081,659685,unknown,complete
non-incremental/UFNIA/smt-comp-393.smt2,1200000, timeout,1200.0,1200.0,Vampire,39081,659685,unknown,complete
non-incremental/UFNIA/smt-comp-394.smt2,1200000, timeout,1200.0,1200.0,Vampire,39081,659685,unknown,complete
non-incremental/UFNIA/smt-comp-395.smt2,1200000, timeout,1200.0,1200.0,Vampire,39081,659685,unknown,complete
non-incremental/UFNIA/smt-comp-396.smt2,1200000, timeout,1200.0,1200.0,Vampire,39081,659685,unknown,complete
non-incremental/UFNIA/smt-comp-397.smt2,1200000, timeout,1200.0,1200.0,Vampire,39081,659685,unknown,complete
non-incremental/UFNIA/smt-comp-399.smt2,1200000, timeout,1200.0,1200.0,Vampire,39081,659685,unknown,complete
non-incremental/QF_IDL/smt-comp-049.smt2,5808, sat,5.808,5.808,SMTSCQ,1,1,unknown,complete
non-incremental/QF_IDL/smt-comp-071.smt2,7090, sat,7.09,7.09,SMTSCQ,1,1,sat,complete
non-incremental/QF_LIA/smt-comp-086.smt2,5000, sat,5.0,5.0,SMTSCQ,1,1,unknown,complete
non-incremental/QF_LIA/smt-comp-080.smt2,13552, sat,13.552,13.552,SMTSCQ,1,1,sat,complete
non-incremental/QF_LIA/smt-comp-090.smt2,8421, sat,8.421,8.421,SMTSCQ,1,1,unknown,complete
non-incremental/QF_LIA/smt-comp-091.smt2,3607, sat,3.607,3.607,SMTSCQ,1,1,sat,complete
non-incremental/QF_LIA/smt-comp-085.smt2,23728, sat,23.728,23.728,SMTSCQ,1,1,sat,complete
non-incremental/QF_LIA/smt-comp-081.smt2,37987, sat,37.987,37.987,SMTSCQ,1,1,sat,complete
non-incremental/QF_LIA/smt-comp-082.smt2,37535, sat,37.535,37.535,SMTSCQ,1,1,unknown,complete
non-incremental/QF_LIA/smt-comp-083.smt2,75967, sat,75.967,75.967,SMTSCQ,1,1,sat,complete
non-incremental/QF_LIA/smt-comp-084.smt2,118106, sat,118.106,118.106,SMTSCQ,1,1,unknown,complete
non-incremental/QF_LIA/smt-comp-092.smt2,221297, sat,221.297,221.297,SMTSCQ,1,1,unknown,complete
non-incremental/QF_LRA/smt-comp-096.smt2,572133, sat,572.133,572.133,SMTSCQ,1,1,sat,complete
non-incremental/QF_LIA/smt-comp-290.smt2,9132, sat,9.132,9.132,SMTSCQ,1,1,unknown,complete
non-incremental/QF_LIA/smt-comp-291.smt2,128935, sat,128.935,128.935,SMTSCQ,1,1,unknown,complete
non-incremental/QF_LIA/smt-comp-289.smt2,437652, sat,437.652,437.652,SMTSCQ,1,1,unknown,complete
non-incremental/QF_LIA/smt-comp-297.smt2,219134, sat,219.134,219.134,SMTSCQ,1,1,unknown,complete
non-incremental/QF_LRA/smt-comp-303.smt2,1623, sat,1.623,1.623,SMTSCQ,1,1,sat,complete
non-incremental/QF_LRA/smt-comp-305.smt2,1429, sat,1.429,1.429,SMTSCQ,1,1,sat,complete
non-incremental/QF_LRA/smt-comp-300.smt2,980771, sat,980.771,980.771,SMTSCQ,1,1,sat,complete
non-incremental/QF_LRA/smt-comp-095.smt2,15448, unsat,15.448,15.448,SMTSCQ,1,1,unsat,complete
non-incremental/QF_LRA/smt-comp-097.smt2,14605, unsat,14.605,14.605,SMTSCQ,1,1,unsat,complete
non-incremental/QF_LRA/smt-comp-098.smt2,26250, unsat,26.25,26.25,SMTSCQ,1,1,unknown,complete
non-incremental/QF_LRA/smt-comp-099.smt2,39154, unsat,39.154,39.154,SMTSCQ,1,1,unsat,complete
non-incremental/QF_LRA/smt-comp-101.smt2,44588, unsat,44.588,44.588,SMTSCQ,1,1,unsat,complete
non-incremental/QF_LRA/smt-comp-102.smt2,136106, unsat,136.106,136.106,SMTSCQ,1,1,unsat,complete
non-incremental/QF_LRA/smt-comp-100.smt2,154557, unsat,154.557,154.557,SMTSCQ,1,1,unknown,complete
non-incremental/QF_LRA/smt-comp-093.smt2,233959, unsat,233.959,233.959,SMTSCQ,1,1,unsat,complete
non-incremental/QF_LRA/smt-comp-094.smt2,461838, unsat,461.838,461.838,SMTSCQ,1,1,unsat,complete
non-incremental/QF_LRA/smt-comp-301.smt2,65320, unsat,65.32,65.32,SMTSCQ,1,1,unknown,complete
non-incremental/QF_LRA/smt-comp-302.smt2,34756, unsat,34.756,34.756,SMTSCQ,1,1,unsat,complete
non-incremental/QF_IDL/smt-comp-048.smt2,1200000, timeout,1200.0,1200.0,SMTSCQ,1,1,unsat,complete
non-incremental/QF_IDL/smt-comp-050.smt2,1200000, timeout,1200.0,1200.0,SMTSCQ,1,1,unsat,complete
non-incremental/QF_IDL/smt-comp-051.smt2,1200000, timeout,1200.0,1200.0,SMTSCQ,1,1,unsat,complete
non-incremental/QF_IDL/smt-comp-052.smt2,1200000, timeout,1200.0,1200.0,SMTSCQ,1,1,sat,complete
non-incremental/QF_IDL/smt-comp-053.smt2,1200000, timeout,1200.0,1200.0,SMTSCQ,1,1,unknown,complete
non-incremental/QF_IDL/smt-comp-054.smt2,1200000, timeout,1200.0,1200.0,SMTSCQ,1,1,sat,complete
non-incremental/QF_IDL/smt-comp-055.smt2,1200000, timeout,1200.0,1200.0,SMTSCQ,1,1,sat,complete
non-incremental/QF_IDL/smt-comp-056.smt2,1200000, timeout,1200.0,1200.0,SMTSCQ,1,1,sat,complete
non-incremental/QF_IDL/smt-comp-057.smt2,1200000, timeout,1200.0,1200.0,SMTSCQ,1,1,sat,complete
non-incremental/QF_IDL/smt-comp-058.smt2,1200000, timeout,1200.0,1200.0,SMTSCQ,1,1,sat,complete
non-incremental/QF_IDL/smt-comp-059.smt2,1200000, timeout,1200.0,1200.0,SMTSCQ,1,1,sat,complete
non-incremental/QF_IDL/smt-comp-060.smt2,1200000, timeout,1200.0,1200.0,SMTSCQ,1,1,sat,complete
non-incremental/QF_IDL/smt-comp-061.smt2,1200000, timeout,1200.0,1200.0,SMTSCQ,1,1,sat,complete
non-incremental/QF_IDL/smt-comp-062.smt2,1200000, timeout,1200.0,1200.0,SMTSCQ,1,1,sat,complete
non-incremental/QF_IDL/smt-comp-063.smt2,1200000, timeout,1200.0,1200.0,SMTSCQ,1,1,unknown,complete
non-incremental/QF_IDL/smt-comp-064.smt2,1200000, timeout,1200.0,1200.0,SMTSCQ,1,1,unknown,complete
non-incremental/QF_IDL/smt-comp-065.smt2,1200000, timeout,1200.0,1200.0,SMTSCQ,1,1,unknown,complete
non-incremental/QF_IDL/smt-comp-066.smt2,1200000, timeout,1200.0,1200.0,SMTSCQ,1,1,unknown,complete
non-incremental/QF_IDL/smt-comp-067.smt2,1200000, timeout,1200.0,1200.0,SMTSCQ,1,1,unsat,complete
non-incremental/QF_IDL/smt-comp-068.smt2,1200000, timeout,1200.0,1200.0,SMTSCQ,1,1,unsat,complete
non-incremental/QF_IDL/smt-comp-069.smt2,1200000, timeout,1200.0,1200.0,SMTSCQ,1,1,sat,complete
non-incremental/QF_IDL/smt-comp-070.smt2,1200000, timeout,1200.0,1200.0,SMTSCQ,1,1,unsat,complete
non-incremental/QF_IDL/smt-comp-072.smt2,1200000, timeout,1200.0,1200.0,SMTSCQ,1,1,sat,complete
non-incremental/QF_IDL/smt-comp-073.smt2,1200000, timeout,1200.0,1200.0,SMTSCQ,1,1,unknown,complete
non-incremental/QF_IDL/smt-comp-074.smt2,1200000, timeout,1200.0,1200.0,SMTSCQ,1,1,unsat,complete
non-incremental/QF_IDL/smt-comp-075.smt2,1200000, timeout,1200.0,1200.0,SMTSCQ,1,1,unsat,complete
non-incremental/QF_IDL/smt-comp-076.smt2,1200000, timeout,1200.0,1200.0,SMTSCQ,1,1,unsat,complete
non-incremental/QF_IDL/smt-comp-077.smt2,1200000, timeout,1200.0,1200.0,SMTSCQ,1,1,unsat,complete
non-incremental/QF_IDL/smt-comp-078.smt2,1200000, timeout,1200.0,1200.0,SMTSCQ,1,1,unsat,complete
non-incremental/QF_IDL/smt-comp-079.smt2,1200000, timeout,1200.0,1200.0,SMTSCQ,1,1,sat,complete
non-incremental/QF_LIA/smt-comp-087.smt2,1200000, timeout,1200.0,1200.0,SMTSCQ,1,1,unsat,complete
non-incremental/QF_RDL/smt-comp-103.smt2,1200000, timeout,1200.0,1200.0,SMTSCQ,1,1,unsat,complete
non-incremental/QF_RDL/smt-comp-104.smt2,1200000, timeout,1200.0,1200.0,SMTSCQ,1,1,unknown,complete
non-incremental/QF_IDL/smt-comp-254.smt2,1200000, timeout,1200.0,1200.0,SMTSCQ,1,1,unknown,complete
non-incremental/QF_IDL/smt-comp-255.smt2,1200000, timeout,1200.0,1200.0,SMTSCQ,1,1,unsat,complete
non-incremental/QF_IDL/smt-comp-256.smt2,1200000, timeout,1200.0,1200.0,SMTSCQ,1,1,unsat,complete
non-incremental/QF_IDL/smt-comp-257.smt2,1200000, timeout,1200.0,1200.0,SMTSCQ,1,1,unknown,complete
non-incremental/QF_IDL/smt-comp-258.smt2,1200000, timeout,1200.0,1200.0,SMTSCQ,1,1,sat,complete
non-incremental/QF_IDL/smt-comp-259.smt2,1200000, timeout,1200.0,1200.0,SMTSCQ,1,1,sat,complete
non-incremental/QF_IDL/smt-comp-260.smt2,1200000, timeout,1200.0,1200.0,SMTSCQ,1,1,sat,complete
non-incremental/QF_IDL/smt-comp-261.smt2,1200000, timeout,1200.0,1200.0,SMTSCQ,1,1,sat,complete
non-incremental/QF_IDL/smt-comp-263.smt2,1200000, timeout,1200.0,1200.0,SMTSCQ,1,1,sat,complete
non-incremental/QF_IDL/smt-comp-262.smt2,1200000, timeout,1200.0,1200.0,SMTSCQ,1,1,sat,complete
non-incremental/QF_IDL/smt-comp-264.smt2,1200000, timeout,1200.0,1200.0,SMTSCQ,1,1,unknown,complete
non-incremental/QF_IDL/smt-comp-265.smt2,1200000, timeout,1200.0,1200.0,SMTSCQ,1,1,sat,complete
non-incremental/QF_IDL/smt-comp-266.smt2,1200000, timeout,1200.0,1200.0,SMTSCQ,1,1,unknown,complete
non-incremental/QF_IDL/smt-comp-267.smt2,1200000, timeout,1200.0,1200.0,SMTSCQ,1,1,unknown,complete
non-incremental/QF_IDL/smt-comp-268.smt2,1200000, timeout,1200.0,1200.0,SMTSCQ,1,1,unsat,complete
non-incremental/QF_IDL/smt-comp-269.smt2,1200000, timeout,1200.0,1200.0,SMTSCQ,1,1,unknown,complete
non-incremental/QF_IDL/smt-comp-270.smt2,1200000, timeout,1200.0,1200.0,SMTSCQ,1,1,sat,complete
non-incremental/QF_IDL/smt-comp-271.smt2,1200000, timeout,1200.0,1200.0,SMTSCQ,1,1,unknown,complete
non-incremental/QF_IDL/smt-comp-272.smt2,1200000, timeout,1200.0,1200.0,SMTSCQ,1,1,unknown,complete
non-incremental/QF_IDL/smt-comp-273.smt2,1200000, timeout,1200.0,1200.0,SMTSCQ,1,1,unknown,complete
non-incremental/QF_IDL/smt-comp-274.smt2,1200000, timeout,1200.0,1200.0,SMTSCQ,1,1,unknown,complete
non-incremental/QF_IDL/smt-comp-275.smt2,1200000, timeout,1200.0,1200.0,SMTSCQ,1,1,unknown,complete
non-incremental/QF_IDL/smt-comp-276.smt2,1200000, timeout,1200.0,1200.0,SMTSCQ,1,1,unsat,complete
non-incremental/QF_IDL/smt-comp-277.smt2,1200000, timeout,1200.0,1200.0,SMTSCQ,1,1,unsat,complete
non-incremental/QF_IDL/smt-comp-278.smt2,1200000, timeout,1200.0,1200.0,SMTSCQ,1,1,unsat,complete
non-incremental/QF_IDL/smt-comp-279.smt2,1200000, timeout,1200.0,1200.0,SMTSCQ,1,1,unsat,complete
non-incremental/QF_IDL/smt-comp-280.smt2,1200000, timeout,1200.0,1200.0,SMTSCQ,1,1,unsat,complete
non-incremental/QF_IDL/smt-comp-281.smt2,1200000, timeout,1200.0,1200.0,SMTSCQ,1,1,sat,complete
non-incremental/QF_IDL/smt-comp-282.smt2,1200000, timeout,1200.0,1200.0,SMTSCQ,1,1,unsat,complete
non-incremental/QF_IDL/smt-comp-283.smt2,1200000, timeout,1200.0,1200.0,SMTSCQ,1,1,sat,complete
non-incremental/QF_IDL/smt-comp-284.smt2,1200000, timeout,1200.0,1200.0,SMTSCQ,1,1,unsat,complete
non-incremental/QF_LIA/smt-comp-285.smt2,1200000, timeout,1200.0,1200.0,SMTSCQ,1,1,sat,complete
non-incremental/QF_LIA/smt-comp-286.smt2,1200000, timeout,1200.0,1200.0,SMTSCQ,1,1,sat,complete
non-incremental/QF_LIA/smt-comp-287.smt2,1200000, timeout,1200.0,1200.0,SMTSCQ,1,1,sat,complete
non-incremental/QF_LIA/smt-comp-288.smt2,1200000, timeout,1200.0,1200.0,SMTSCQ,1,1,unsat,complete
non-incremental/QF_LIA/smt-comp-292.smt2,1200000, timeout,1200.0,1200.0,SMTSCQ,1,1,sat,complete
non-incremental/QF_LIA/smt-comp-293.smt2,1200000, timeout,1200.0,1200.0,SMTSCQ,1,1,unsat,complete
non-incremental/QF_LIA/smt-comp-294.smt2,1200000, timeout,1200.0,1200.0,SMTSCQ,1,1,sat,complete
non-incremental/QF_LIA/smt-comp-295.smt2,1200000, timeout,1200.0,1200.0,SMTSCQ,1,1,sat,complete
non-incremental/QF_LIA/smt-comp-296.smt2,1200000, timeout,1200.0,1200.0,SMTSCQ,1,1,unsat,complete
non-incremental/QF_LRA/smt-comp-298.smt2,1200000, timeout,1200.0,1200.0,SMTSCQ,1,1,unknown,complete
non-incremental/QF_LRA/smt-comp-299.smt2,1200000, timeout,1200.0,1200.0,SMTSCQ,1,1,unknown,complete
non-incremental/QF_LRA/smt-comp-304.smt2,1200000, timeout,1200.0,1200.0,SMTSCQ,1,1,sat,complete
non-incremental/QF_LRA/smt-comp-306.smt2,1200000, timeout,1200.0,1200.0,SMTSCQ,1,1,sat,complete
non-incremental/QF_RDL/smt-comp-307.smt2,1200000, timeout,1200.0,1200.0,SMTSCQ,1,1,unsat,complete
non-incremental/QF_RDL/smt-comp-308.smt2,1200000, timeout,1200.0,1200.0,SMTSCQ,1,1,unknown,complete
non-incremental/QF_LIA/smt-comp-088.smt2,79712, error,79.712,79.712,SMTSCQ,1,1,unsat,complete
non-incremental/QF_LIA/smt-comp-089.smt2,82101, error,82.101,82.101,SMTSCQ,1,1,unsat,complete
non-incremental/QF_UFLRA/smt-comp-105.smt2,241017, error,241.017,241.017,SMTSCQ,1,1,sat,complete
non-incremental/QF_IDL/smt-comp-049.smt2,8490, sat,8.49,8.49,SMTSCQF,2,2,unknown,complete
non-incremental/QF_IDL/smt-comp-071.smt2,5235, sat,5.235,5.235,SMTSCQF,2,2,sat,complete
non-incremental/QF_LIA/smt-comp-080.smt2,14008, sat,14.008,14.008,SMTSCQF,2,2,sat,complete
non-incremental/QF_LIA/smt-comp-081.smt2,14601, sat,14.601,14.601,SMTSCQF,2,2,sat,complete
non-incremental/QF_LIA/smt-comp-086.smt2,10265, sat,10.265,10.265,SMTSCQF,2,2,unknown,complete
non-incremental/QF_LIA/smt-comp-090.smt2,2249, sat,2.249,2.249,SMTSCQF,2,2,unknown,complete
non-incremental/QF_LIA/smt-comp-091.smt2,2282, sat,2.282,2.282,SMTSCQF,2,2,sat,complete
non-incremental/QF_LIA/smt-comp-085.smt2,44776, sat,44.776,44.776,SMTSCQF,2,2,sat,complete
non-incremental/QF_LIA/smt-comp-083.smt2,57001, sat,57.001,57.001,SMTSCQF,2,2,sat,complete
non-incremental/QF_LIA/smt-comp-082.smt2,70906, sat,70.906,70.906,SMTSCQF,2,2,unknown,complete
non-incremental/QF_LIA/smt-comp-084.smt2,225424, sat,225.424,225.424,SMTSCQF,2,2,unknown,complete
non-incremental/QF_LRA/smt-comp-096.smt2,566721, sat,566.721,566.721,SMTSCQF,2,2,sat,complete
non-incremental/QF_LIA/smt-comp-092.smt2,1006607, sat,1006.607,1006.607,SMTSCQF,2,2,unknown,complete
non-incremental/QF_LIA/smt-comp-290.smt2,72567, sat,72.567,72.567,SMTSCQF,2,2,unknown,complete
non-incremental/QF_LIA/smt-comp-291.smt2,54796, sat,54.796,54.796,SMTSCQF,2,2,unknown,complete
non-incremental/QF_LRA/smt-comp-303.smt2,1569, sat,1.569,1.569,SMTSCQF,2,2,sat,complete
non-incremental/QF_LRA/smt-comp-305.smt2,1400, sat,1.4,1.4,SMTSCQF,2,2,sat,complete
non-incremental/QF_LIA/smt-comp-297.smt2,724337, sat,724.337,724.337,SMTSCQF,2,2,unknown,complete
non-incremental/QF_LRA/smt-comp-094.smt2,21272, unsat,21.272,21.272,SMTSCQF,2,2,unsat,complete
non-incremental/QF_LRA/smt-comp-095.smt2,17581, unsat,17.581,17.581,SMTSCQF,2,2,unsat,complete
non-incremental/QF_LRA/smt-comp-097.smt2,14541, unsat,14.541,14.541,SMTSCQF,2,2,unsat,complete
non-incremental/QF_LRA/smt-comp-098.smt2,12307, unsat,12.307,12.307,SMTSCQF,2,2,unknown,complete
non-incremental/QF_LRA/smt-comp-099.smt2,30530, unsat,30.53,30.53,SMTSCQF,2,2,unsat,complete
non-incremental/QF_LRA/smt-comp-093.smt2,102392, unsat,102.392,102.392,SMTSCQF,2,2,unsat,complete
non-incremental/QF_LRA/smt-comp-101.smt2,56122, unsat,56.122,56.122,SMTSCQF,2,2,unsat,complete
non-incremental/QF_LRA/smt-comp-100.smt2,102711, unsat,102.711,102.711,SMTSCQF,2,2,unknown,complete
non-incremental/QF_LRA/smt-comp-102.smt2,66363, unsat,66.363,66.363,SMTSCQF,2,2,unsat,complete
non-incremental/QF_LIA/smt-comp-285.smt2,33148, unsat,33.148,33.148,SMTSCQF,2,2,sat,complete
non-incremental/QF_LIA/smt-comp-286.smt2,40925, unsat,40.925,40.925,SMTSCQF,2,2,sat,complete
non-incremental/QF_LIA/smt-comp-287.smt2,33287, unsat,33.287,33.287,SMTSCQF,2,2,sat,complete
non-incremental/QF_LIA/smt-comp-288.smt2,83948, unsat,83.948,83.948,SMTSCQF,2,2,unsat,complete
non-incremental/QF_LRA/smt-comp-299.smt2,21890, unsat,21.89,21.89,SMTSCQF,2,2,unknown,complete
non-incremental/QF_LRA/smt-comp-301.smt2,84016, unsat,84.016,84.016,SMTSCQF,2,2,unknown,complete
non-incremental/QF_LRA/smt-comp-302.smt2,30002, unsat,30.002,30.002,SMTSCQF,2,2,unsat,complete
non-incremental/QF_LRA/smt-comp-306.smt2,11673, unsat,11.673,11.673,SMTSCQF,2,2,sat,complete
non-incremental/QF_LRA/smt-comp-298.smt2,411752, unsat,411.752,411.752,SMTSCQF,2,2,unknown,complete
non-incremental/QF_IDL/smt-comp-048.smt2,1200000, timeout,1200.0,1200.0,SMTSCQF,2,2,unsat,complete
non-incremental/QF_IDL/smt-comp-050.smt2,1200000, timeout,1200.0,1200.0,SMTSCQF,2,2,unsat,complete
non-incremental/QF_IDL/smt-comp-051.smt2,1200000, timeout,1200.0,1200.0,SMTSCQF,2,2,unsat,complete
non-incremental/QF_IDL/smt-comp-052.smt2,1200000, timeout,1200.0,1200.0,SMTSCQF,2,2,sat,complete
non-incremental/QF_IDL/smt-comp-053.smt2,1200000, timeout,1200.0,1200.0,SMTSCQF,2,2,unknown,complete
non-incremental/QF_IDL/smt-comp-054.smt2,1200000, timeout,1200.0,1200.0,SMTSCQF,2,2,sat,complete
non-incremental/QF_IDL/smt-comp-055.smt2,1200000, timeout,1200.0,1200.0,SMTSCQF,2,2,sat,complete
non-incremental/QF_IDL/smt-comp-056.smt2,1200000, timeout,1200.0,1200.0,SMTSCQF,2,2,sat,complete
non-incremental/QF_IDL/smt-comp-057.smt2,1200000, timeout,1200.0,1200.0,SMTSCQF,2,2,sat,complete
non-incremental/QF_IDL/smt-comp-058.smt2,1200000, timeout,1200.0,1200.0,SMTSCQF,2,2,sat,complete
non-incremental/QF_IDL/smt-comp-059.smt2,1200000, timeout,1200.0,1200.0,SMTSCQF,2,2,sat,complete
non-incremental/QF_IDL/smt-comp-060.smt2,1200000, timeout,1200.0,1200.0,SMTSCQF,2,2,sat,complete
non-incremental/QF_IDL/smt-comp-061.smt2,1200000, timeout,1200.0,1200.0,SMTSCQF,2,2,sat,complete
non-incremental/QF_IDL/smt-comp-062.smt2,1200000, timeout,1200.0,1200.0,SMTSCQF,2,2,sat,complete
non-incremental/QF_IDL/smt-comp-063.smt2,1200000, timeout,1200.0,1200.0,SMTSCQF,2,2,unknown,complete
non-incremental/QF_IDL/smt-comp-064.smt2,1200000, timeout,1200.0,1200.0,SMTSCQF,2,2,unknown,complete
non-incremental/QF_IDL/smt-comp-065.smt2,1200000, timeout,1200.0,1200.0,SMTSCQF,2,2,unknown,complete
non-incremental/QF_IDL/smt-comp-066.smt2,1200000, timeout,1200.0,1200.0,SMTSCQF,2,2,unknown,complete
non-incremental/QF_IDL/smt-comp-067.smt2,1200000, timeout,1200.0,1200.0,SMTSCQF,2,2,unsat,complete
non-incremental/QF_IDL/smt-comp-068.smt2,1200000, timeout,1200.0,1200.0,SMTSCQF,2,2,unsat,complete
non-incremental/QF_IDL/smt-comp-069.smt2,1200000, timeout,1200.0,1200.0,SMTSCQF,2,2,sat,complete
non-incremental/QF_IDL/smt-comp-070.smt2,1200000, timeout,1200.0,1200.0,SMTSCQF,2,2,unsat,complete
non-incremental/QF_IDL/smt-comp-072.smt2,1200000, timeout,1200.0,1200.0,SMTSCQF,2,2,sat,complete
non-incremental/QF_IDL/smt-comp-073.smt2,1200000, timeout,1200.0,1200.0,SMTSCQF,2,2,unknown,complete
non-incremental/QF_IDL/smt-comp-074.smt2,1200000, timeout,1200.0,1200.0,SMTSCQF,2,2,unsat,complete
non-incremental/QF_IDL/smt-comp-075.smt2,1200000, timeout,1200.0,1200.0,SMTSCQF,2,2,unsat,complete
non-incremental/QF_IDL/smt-comp-076.smt2,1200000, timeout,1200.0,1200.0,SMTSCQF,2,2,unsat,complete
non-incremental/QF_IDL/smt-comp-077.smt2,1200000, timeout,1200.0,1200.0,SMTSCQF,2,2,unsat,complete
non-incremental/QF_IDL/smt-comp-078.smt2,1200000, timeout,1200.0,1200.0,SMTSCQF,2,2,unsat,complete
non-incremental/QF_IDL/smt-comp-079.smt2,1200000, timeout,1200.0,1200.0,SMTSCQF,2,2,sat,complete
non-incremental/QF_LIA/smt-comp-087.smt2,1200000, timeout,1200.0,1200.0,SMTSCQF,2,2,unsat,complete
non-incremental/QF_RDL/smt-comp-103.smt2,1200000, timeout,1200.0,1200.0,SMTSCQF,2,2,unsat,complete
non-incremental/QF_RDL/smt-comp-104.smt2,1200000, timeout,1200.0,1200.0,SMTSCQF,2,2,unknown,complete
non-incremental/QF_IDL/smt-comp-254.smt2,1200000, timeout,1200.0,1200.0,SMTSCQF,2,2,unknown,complete
non-incremental/QF_IDL/smt-comp-255.smt2,1200000, timeout,1200.0,1200.0,SMTSCQF,2,2,unsat,complete
non-incremental/QF_IDL/smt-comp-256.smt2,1200000, timeout,1200.0,1200.0,SMTSCQF,2,2,unsat,complete
non-incremental/QF_IDL/smt-comp-257.smt2,1200000, timeout,1200.0,1200.0,SMTSCQF,2,2,unknown,complete
non-incremental/QF_IDL/smt-comp-258.smt2,1200000, timeout,1200.0,1200.0,SMTSCQF,2,2,sat,complete
non-incremental/QF_IDL/smt-comp-259.smt2,1200000, timeout,1200.0,1200.0,SMTSCQF,2,2,sat,complete
non-incremental/QF_IDL/smt-comp-260.smt2,1200000, timeout,1200.0,1200.0,SMTSCQF,2,2,sat,complete
non-incremental/QF_IDL/smt-comp-261.smt2,1200000, timeout,1200.0,1200.0,SMTSCQF,2,2,sat,complete
non-incremental/QF_IDL/smt-comp-262.smt2,1200000, timeout,1200.0,1200.0,SMTSCQF,2,2,sat,complete
non-incremental/QF_IDL/smt-comp-263.smt2,1200000, timeout,1200.0,1200.0,SMTSCQF,2,2,sat,complete
non-incremental/QF_IDL/smt-comp-264.smt2,1200000, timeout,1200.0,1200.0,SMTSCQF,2,2,unknown,complete
non-incremental/QF_IDL/smt-comp-265.smt2,1200000, timeout,1200.0,1200.0,SMTSCQF,2,2,sat,complete
non-incremental/QF_IDL/smt-comp-266.smt2,1200000, timeout,1200.0,1200.0,SMTSCQF,2,2,unknown,complete
non-incremental/QF_IDL/smt-comp-267.smt2,1200000, timeout,1200.0,1200.0,SMTSCQF,2,2,unknown,complete
non-incremental/QF_IDL/smt-comp-268.smt2,1200000, timeout,1200.0,1200.0,SMTSCQF,2,2,unsat,complete
non-incremental/QF_IDL/smt-comp-269.smt2,1200000, timeout,1200.0,1200.0,SMTSCQF,2,2,unknown,complete
non-incremental/QF_IDL/smt-comp-270.smt2,1200000, timeout,1200.0,1200.0,SMTSCQF,2,2,sat,complete
non-incremental/QF_IDL/smt-comp-271.smt2,1200000, timeout,1200.0,1200.0,SMTSCQF,2,2,unknown,complete
non-incremental/QF_IDL/smt-comp-272.smt2,1200000, timeout,1200.0,1200.0,SMTSCQF,2,2,unknown,complete
non-incremental/QF_IDL/smt-comp-273.smt2,1200000, timeout,1200.0,1200.0,SMTSCQF,2,2,unknown,complete
non-incremental/QF_IDL/smt-comp-274.smt2,1200000, timeout,1200.0,1200.0,SMTSCQF,2,2,unknown,complete
non-incremental/QF_IDL/smt-comp-275.smt2,1200000, timeout,1200.0,1200.0,SMTSCQF,2,2,unknown,complete
non-incremental/QF_IDL/smt-comp-276.smt2,1200000, timeout,1200.0,1200.0,SMTSCQF,2,2,unsat,complete
non-incremental/QF_IDL/smt-comp-277.smt2,1200000, timeout,1200.0,1200.0,SMTSCQF,2,2,unsat,complete
non-incremental/QF_IDL/smt-comp-278.smt2,1200000, timeout,1200.0,1200.0,SMTSCQF,2,2,unsat,complete
non-incremental/QF_IDL/smt-comp-279.smt2,1200000, timeout,1200.0,1200.0,SMTSCQF,2,2,unsat,complete
non-incremental/QF_IDL/smt-comp-280.smt2,1200000, timeout,1200.0,1200.0,SMTSCQF,2,2,unsat,complete
non-incremental/QF_IDL/smt-comp-281.smt2,1200000, timeout,1200.0,1200.0,SMTSCQF,2,2,sat,complete
non-incremental/QF_IDL/smt-comp-282.smt2,1200000, timeout,1200.0,1200.0,SMTSCQF,2,2,unsat,complete
non-incremental/QF_IDL/smt-comp-283.smt2,1200000, timeout,1200.0,1200.0,SMTSCQF,2,2,sat,complete
non-incremental/QF_IDL/smt-comp-284.smt2,1200000, timeout,1200.0,1200.0,SMTSCQF,2,2,unsat,complete
non-incremental/QF_LIA/smt-comp-289.smt2,1200000, timeout,1200.0,1200.0,SMTSCQF,2,2,unknown,complete
non-incremental/QF_LIA/smt-comp-292.smt2,1200000, timeout,1200.0,1200.0,SMTSCQF,2,2,sat,complete
non-incremental/QF_LIA/smt-comp-293.smt2,1200000, timeout,1200.0,1200.0,SMTSCQF,2,2,unsat,complete
non-incremental/QF_LIA/smt-comp-294.smt2,1200000, timeout,1200.0,1200.0,SMTSCQF,2,2,sat,complete
non-incremental/QF_LIA/smt-comp-295.smt2,1200000, timeout,1200.0,1200.0,SMTSCQF,2,2,sat,complete
non-incremental/QF_LRA/smt-comp-300.smt2,1200000, timeout,1200.0,1200.0,SMTSCQF,2,2,sat,complete
non-incremental/QF_LIA/smt-comp-296.smt2,1200000, timeout,1200.0,1200.0,SMTSCQF,2,2,unsat,complete
non-incremental/QF_LRA/smt-comp-304.smt2,1200000, timeout,1200.0,1200.0,SMTSCQF,2,2,sat,complete
non-incremental/QF_RDL/smt-comp-307.smt2,1200000, timeout,1200.0,1200.0,SMTSCQF,2,2,unsat,complete
non-incremental/QF_RDL/smt-comp-308.smt2,1200000, timeout,1200.0,1200.0,SMTSCQF,2,2,unknown,complete
non-incremental/QF_LIA/smt-comp-088.smt2,78462, error,78.462,78.462,SMTSCQF,2,2,unsat,complete
non-incremental/QF_LIA/smt-comp-089.smt2,90171, error,90.171,90.171,SMTSCQF,2,2,unsat,complete
non-incremental/QF_UFLRA/smt-comp-105.smt2,223495, error,223.495,223.495,SMTSCQF,2,2,sat,complete
non-incremental/QF_IDL/smt-comp-049.smt2,4268, sat,4.268,4.268,SMTSP,3,3,unknown,complete
non-incremental/QF_IDL/smt-comp-071.smt2,8105, sat,8.105,8.105,SMTSP,3,3,sat,complete
non-incremental/QF_LIA/smt-comp-082.smt2,3038, sat,3.038,3.038,SMTSP,3,3,unknown,complete
non-incremental/QF_LIA/smt-comp-086.smt2,13159, sat,13.159,13.159,SMTSP,3,3,unknown,complete
non-incremental/QF_LIA/smt-comp-080.smt2,17919, sat,17.919,17.919,SMTSP,3,3,sat,complete
non-incremental/QF_LIA/smt-comp-081.smt2,16980, sat,16.98,16.98,SMTSP,3,3,sat,complete
non-incremental/QF_LIA/smt-comp-090.smt2,1461, sat,1.461,1.461,SMTSP,3,3,unknown,complete
non-incremental/QF_LIA/smt-comp-083.smt2,22926, sat,22.926,22.926,SMTSP,3,3,sat,complete
non-incremental/QF_LIA/smt-comp-085.smt2,21482, sat,21.482,21.482,SMTSP,3,3,sat,complete
non-incremental/QF_LIA/smt-comp-091.smt2,3367, sat,3.367,3.367,SMTSP,3,3,sat,complete
non-incremental/QF_LIA/smt-comp-084.smt2,268804, sat,268.804,268.804,SMTSP,3,3,unknown,complete
non-incremental/QF_LIA/smt-comp-092.smt2,389000, sat,389.0,389.0,SMTSP,3,3,unknown,complete
non-incremental/QF_LRA/smt-comp-096.smt2,480073, sat,480.073,480.073,SMTSP,3,3,sat,complete
non-incremental/QF_LIA/smt-comp-290.smt2,6083, sat,6.083,6.083,SMTSP,3,3,unknown,complete
non-incremental/QF_LIA/smt-comp-291.smt2,124616, sat,124.616,124.616,SMTSP,3,3,unknown,complete
non-incremental/QF_LIA/smt-comp-297.smt2,270384, sat,270.384,270.384,SMTSP,3,3,unknown,complete
non-incremental/QF_LRA/smt-comp-303.smt2,1580, sat,1.58,1.58,SMTSP,3,3,sat,complete
non-incremental/QF_LRA/smt-comp-305.smt2,1407, sat,1.407,1.407,SMTSP,3,3,sat,complete
non-incremental/QF_LRA/smt-comp-300.smt2,861165, sat,861.165,861.165,SMTSP,3,3,sat,complete
non-incremental/QF_LRA/smt-comp-095.smt2,17452, unsat,17.452,17.452,SMTSP,3,3,unsat,complete
non-incremental/QF_LRA/smt-comp-097.smt2,18854, unsat,18.854,18.854,SMTSP,3,3,unsat,complete
non-incremental/QF_LRA/smt-comp-098.smt2,19704, unsat,19.704,19.704,SMTSP,3,3,unknown,complete
non-incremental/QF_LRA/smt-comp-099.smt2,20572, unsat,20.572,20.572,SMTSP,3,3,unsat,complete
non-incremental/QF_LRA/smt-comp-101.smt2,62597, unsat,62.597,62.597,SMTSP,3,3,unsat,complete
non-incremental/QF_LRA/smt-comp-100.smt2,80296, unsat,80.296,80.296,SMTSP,3,3,unknown,complete
non-incremental/QF_LRA/smt-comp-102.smt2,86803, unsat,86.803,86.803,SMTSP,3,3,unsat,complete
non-incremental/QF_LRA/smt-comp-093.smt2,168950, unsat,168.95,168.95,SMTSP,3,3,unsat,complete
non-incremental/QF_LRA/smt-comp-094.smt2,184447, unsat,184.447,184.447,SMTSP,3,3,unsat,complete
non-incremental/QF_LRA/smt-comp-302.smt2,45000, unsat,45.0,45.0,SMTSP,3,3,unsat,complete
non-incremental/QF_LRA/smt-comp-301.smt2,115493, unsat,115.493,115.493,SMTSP,3,3,unknown,complete
non-incremental/QF_IDL/smt-comp-048.smt2,1200000, timeout,1200.0,1200.0,SMTSP,3,3,unsat,complete
non-incremental/QF_IDL/smt-comp-050.smt2,1200000, timeout,1200.0,1200.0,SMTSP,3,3,unsat,complete
non-incremental/QF_IDL/smt-comp-051.smt2,1200000, timeout,1200.0,1200.0,SMTSP,3,3,unsat,complete
non-incremental/QF_IDL/smt-comp-052.smt2,1200000, timeout,1200.0,1200.0,SMTSP,3,3,sat,complete
non-incremental/QF_IDL/smt-comp-053.smt2,1200000, timeout,1200.0,1200.0,SMTSP,3,3,unknown,complete
non-incremental/QF_IDL/smt-comp-054.smt2,1200000, timeout,1200.0,1200.0,SMTSP,3,3,sat,complete
non-incremental/QF_IDL/smt-comp-055.smt2,1200000, timeout,1200.0,1200.0,SMTSP,3,3,sat,complete
non-incremental/QF_IDL/smt-comp-056.smt2,1200000, timeout,1200.0,1200.0,SMTSP,3,3,sat,complete
non-incremental/QF_IDL/smt-comp-057.smt2,1200000, timeout,1200.0,1200.0,SMTSP,3,3,sat,complete
non-incremental/QF_IDL/smt-comp-058.smt2,1200000, timeout,1200.0,1200.0,SMTSP,3,3,sat,complete
non-incremental/QF_IDL/smt-comp-059.smt2,1200000, timeout,1200.0,1200.0,SMTSP,3,3,sat,complete
non-incremental/QF_IDL/smt-comp-060.smt2,1200000, timeout,1200.0,1200.0,SMTSP,3,3,sat,complete
non-incremental/QF_IDL/smt-comp-061.smt2,1200000, timeout,1200.0,1200.0,SMTSP,3,3,sat,complete
non-incremental/QF_IDL/smt-comp-062.smt2,1200000, timeout,1200.0,1200.0,SMTSP,3,3,sat,complete
non-incremental/QF_IDL/smt-comp-063.smt2,1200000, timeout,1200.0,1200.0,SMTSP,3,3,unknown,complete
non-incremental/QF_IDL/smt-comp-064.smt2,1200000, timeout,1200.0,1200.0,SMTSP,3,3,unknown,complete
non-incremental/QF_IDL/smt-comp-065.smt2,1200000, timeout,1200.0,1200.0,SMTSP,3,3,unknown,complete
non-incremental/QF_IDL/smt-comp-066.smt2,1200000, timeout,1200.0,1200.0,SMTSP,3,3,unknown,complete
non-incremental/QF_IDL/smt-comp-067.smt2,1200000, timeout,1200.0,1200.0,SMTSP,3,3,unsat,complete
non-incremental/QF_IDL/smt-comp-068.smt2,1200000, timeout,1200.0,1200.0,SMTSP,3,3,unsat,complete
non-incremental/QF_IDL/smt-comp-069.smt2,1200000, timeout,1200.0,1200.0,SMTSP,3,3,sat,complete
non-incremental/QF_IDL/smt-comp-070.smt2,1200000, timeout,1200.0,1200.0,SMTSP,3,3,unsat,complete
non-incremental/QF_IDL/smt-comp-072.smt2,1200000, timeout,1200.0,1200.0,SMTSP,3,3,sat,complete
non-incremental/QF_IDL/smt-comp-073.smt2,1200000, timeout,1200.0,1200.0,SMTSP,3,3,unknown,complete
non-incremental/QF_IDL/smt-comp-074.smt2,1200000, timeout,1200.0,1200.0,SMTSP,3,3,unsat,complete
non-incremental/QF_IDL/smt-comp-075.smt2,1200000, timeout,1200.0,1200.0,SMTSP,3,3,unsat,complete
non-incremental/QF_IDL/smt-comp-076.smt2,1200000, timeout,1200.0,1200.0,SMTSP,3,3,unsat,complete
non-incremental/QF_IDL/smt-comp-077.smt2,1200000, timeout,1200.0,1200.0,SMTSP,3,3,unsat,complete
non-incremental/QF_IDL/smt-comp-078.smt2,1200000, timeout,1200.0,1200.0,SMTSP,3,3,unsat,complete
non-incremental/QF_IDL/smt-comp-079.smt2,1200000, timeout,1200.0,1200.0,SMTSP,3,3,sat,complete
non-incremental/QF_LIA/smt-comp-087.smt2,1200000, timeout,1200.0,1200.0,SMTSP,3,3,unsat,complete
non-incremental/QF_RDL/smt-comp-103.smt2,1200000, timeout,1200.0,1200.0,SMTSP,3,3,unsat,complete
non-incremental/QF_RDL/smt-comp-104.smt2,1200000, timeout,1200.0,1200.0,SMTSP,3,3,unknown,complete
non-incremental/QF_IDL/smt-comp-254.smt2,1200000, timeout,1200.0,1200.0,SMTSP,3,3,unknown,complete
non-incremental/QF_IDL/smt-comp-255.smt2,1200000, timeout,1200.0,1200.0,SMTSP,3,3,unsat,complete
non-incremental/QF_IDL/smt-comp-256.smt2,1200000, timeout,1200.0,1200.0,SMTSP,3,3,unsat,complete
non-incremental/QF_IDL/smt-comp-257.smt2,1200000, timeout,1200.0,1200.0,SMTSP,3,3,unknown,complete
non-incremental/QF_IDL/smt-comp-258.smt2,1200000, timeout,1200.0,1200.0,SMTSP,3,3,sat,complete
non-incremental/QF_IDL/smt-comp-259.smt2,1200000, timeout,1200.0,1200.0,SMTSP,3,3,sat,complete
non-incremental/QF_IDL/smt-comp-260.smt2,1200000, timeout,1200.0,1200.0,SMTSP,3,3,sat,complete
non-incremental/QF_IDL/smt-comp-261.smt2,1200000, timeout,1200.0,1200.0,SMTSP,3,3,sat,complete
non-incremental/QF_IDL/smt-comp-262.smt2,1200000, timeout,1200.0,1200.0,SMTSP,3,3,sat,complete
non-incremental/QF_IDL/smt-comp-263.smt2,1200000, timeout,1200.0,1200.0,SMTSP,3,3,sat,complete
non-incremental/QF_IDL/smt-comp-264.smt2,1200000, timeout,1200.0,1200.0,SMTSP,3,3,unknown,complete
non-incremental/QF_IDL/smt-comp-265.smt2,1200000, timeout,1200.0,1200.0,SMTSP,3,3,sat,complete
non-incremental/QF_IDL/smt-comp-266.smt2,1200000, timeout,1200.0,1200.0,SMTSP,3,3,unknown,complete
non-incremental/QF_IDL/smt-comp-267.smt2,1200000, timeout,1200.0,1200.0,SMTSP,3,3,unknown,complete
non-incremental/QF_IDL/smt-comp-268.smt2,1200000, timeout,1200.0,1200.0,SMTSP,3,3,unsat,complete
non-incremental/QF_IDL/smt-comp-269.smt2,1200000, timeout,1200.0,1200.0,SMTSP,3,3,unknown,complete
non-incremental/QF_IDL/smt-comp-270.smt2,1200000, timeout,1200.0,1200.0,SMTSP,3,3,sat,complete
non-incremental/QF_IDL/smt-comp-271.smt2,1200000, timeout,1200.0,1200.0,SMTSP,3,3,unknown,complete
non-incremental/QF_IDL/smt-comp-272.smt2,1200000, timeout,1200.0,1200.0,SMTSP,3,3,unknown,complete
non-incremental/QF_IDL/smt-comp-273.smt2,1200000, timeout,1200.0,1200.0,SMTSP,3,3,unknown,complete
non-incremental/QF_IDL/smt-comp-274.smt2,1200000, timeout,1200.0,1200.0,SMTSP,3,3,unknown,complete
non-incremental/QF_IDL/smt-comp-275.smt2,1200000, timeout,1200.0,1200.0,SMTSP,3,3,unknown,complete
non-incremental/QF_IDL/smt-comp-276.smt2,1200000, timeout,1200.0,1200.0,SMTSP,3,3,unsat,complete
non-incremental/QF_IDL/smt-comp-277.smt2,1200000, timeout,1200.0,1200.0,SMTSP,3,3,unsat,complete
non-incremental/QF_IDL/smt-comp-278.smt2,1200000, timeout,1200.0,1200.0,SMTSP,3,3,unsat,complete
non-incremental/QF_IDL/smt-comp-279.smt2,1200000, timeout,1200.0,1200.0,SMTSP,3,3,unsat,complete
non-incremental/QF_IDL/smt-comp-280.smt2,1200000, timeout,1200.0,1200.0,SMTSP,3,3,unsat,complete
non-incremental/QF_IDL/smt-comp-281.smt2,1200000, timeout,1200.0,1200.0,SMTSP,3,3,sat,complete
non-incremental/QF_IDL/smt-comp-282.smt2,1200000, timeout,1200.0,1200.0,SMTSP,3,3,unsat,complete
non-incremental/QF_IDL/smt-comp-283.smt2,1200000, timeout,1200.0,1200.0,SMTSP,3,3,sat,complete
non-incremental/QF_IDL/smt-comp-284.smt2,1200000, timeout,1200.0,1200.0,SMTSP,3,3,unsat,complete
non-incremental/QF_LIA/smt-comp-285.smt2,1200000, timeout,1200.0,1200.0,SMTSP,3,3,sat,complete
non-incremental/QF_LIA/smt-comp-286.smt2,1200000, timeout,1200.0,1200.0,SMTSP,3,3,sat,complete
non-incremental/QF_LIA/smt-comp-287.smt2,1200000, timeout,1200.0,1200.0,SMTSP,3,3,sat,complete
non-incremental/QF_LIA/smt-comp-288.smt2,1200000, timeout,1200.0,1200.0,SMTSP,3,3,unsat,complete
non-incremental/QF_LIA/smt-comp-289.smt2,1200000, timeout,1200.0,1200.0,SMTSP,3,3,unknown,complete
non-incremental/QF_LIA/smt-comp-292.smt2,1200000, timeout,1200.0,1200.0,SMTSP,3,3,sat,complete
non-incremental/QF_LIA/smt-comp-293.smt2,1200000, timeout,1200.0,1200.0,SMTSP,3,3,unsat,complete
non-incremental/QF_LIA/smt-comp-294.smt2,1200000, timeout,1200.0,1200.0,SMTSP,3,3,sat,complete
non-incremental/QF_LIA/smt-comp-295.smt2,1200000, timeout,1200.0,1200.0,SMTSP,3,3,sat,complete
non-incremental/QF_LIA/smt-comp-296.smt2,1200000, timeout,1200.0,1200.0,SMTSP,3,3,unsat,complete
non-incremental/QF_LRA/smt-comp-298.smt2,1200000, timeout,1200.0,1200.0,SMTSP,3,3,unknown,complete
non-incremental/QF_LRA/smt-comp-299.smt2,1200000, timeout,1200.0,1200.0,SMTSP,3,3,unknown,complete
non-incremental/QF_LRA/smt-comp-304.smt2,1200000, timeout,1200.0,1200.0,SMTSP,3,3,sat,complete
non-incremental/QF_LRA/smt-comp-306.smt2,1200000, timeout,1200.0,1200.0,SMTSP,3,3,sat,complete
non-incremental/QF_RDL/smt-comp-307.smt2,1200000, timeout,1200.0,1200.0,SMTSP,3,3,unsat,complete
non-incremental/QF_RDL/smt-comp-308.smt2,1200000, timeout,1200.0,1200.0,SMTSP,3,3,unknown,complete
non-incremental/QF_LIA/smt-comp-088.smt2,82451, error,82.451,82.451,SMTSP,3,3,unsat,complete
non-incremental/QF_LIA/smt-comp-089.smt2,82474, error,82.474,82.474,SMTSP,3,3,unsat,complete
non-incremental/QF_UFLRA/smt-comp-105.smt2,174317, error,174.317,174.317,SMTSP,3,3,sat,complete
