benchmark,wrong answers,solver,solver id
QF_ABVFP/20210211-Vector/Aerospace_C/0529e566.smt2,1,mathsat-5.6.6-wrapped-inc,33752
QF_ABVFP/20210211-Vector/Aerospace_C/0bfd12b2.smt2,1,mathsat-5.6.6-wrapped-inc,33752
QF_ABVFP/20210211-Vector/Aerospace_C/0ff0bdf3.smt2,3,mathsat-5.6.6-wrapped-inc,33752
QF_ABVFP/20210211-Vector/Aerospace_C/1ea377c4.smt2,10,mathsat-5.6.6-wrapped-inc,33752
QF_ABVFP/20210211-Vector/Aerospace_C/4d81996d.smt2,1,mathsat-5.6.6-wrapped-inc,33752
QF_ABVFP/20210211-Vector/Aerospace_C/5b127522.smt2,7,mathsat-5.6.6-wrapped-inc,33752
QF_ABVFP/20210211-Vector/Aerospace_C/66adc6be.smt2,4,mathsat-5.6.6-wrapped-inc,33752
QF_ABVFP/20210211-Vector/Aerospace_C/7ae23142.smt2,12,mathsat-5.6.6-wrapped-inc,33752
QF_ABVFP/20210211-Vector/Aerospace_C/897fb7f4.smt2,5,mathsat-5.6.6-wrapped-inc,33752
QF_ABVFP/20210211-Vector/Aerospace_C/8ace068a.smt2,1,mathsat-5.6.6-wrapped-inc,33752
QF_ABVFP/20210211-Vector/Aerospace_C/9288f3c9.smt2,2,mathsat-5.6.6-wrapped-inc,33752
QF_ABVFP/20210211-Vector/Aerospace_C/9b675bd1.smt2,6,mathsat-5.6.6-wrapped-inc,33752
QF_ABVFP/20210211-Vector/Aerospace_C/ac119083.smt2,7,mathsat-5.6.6-wrapped-inc,33752
QF_ABVFP/20210211-Vector/Aerospace_C/b2b7096c.smt2,10,mathsat-5.6.6-wrapped-inc,33752
QF_ABVFP/20210211-Vector/Aerospace_C/b9541e28.smt2,1,mathsat-5.6.6-wrapped-inc,33752
QF_ABVFP/20210211-Vector/Aerospace_C/df38d035.smt2,5,mathsat-5.6.6-wrapped-inc,33752
QF_ABVFP/20210211-Vector/RTOS_C/035a1a19.smt2,3,Bitwuzla-wrapped-inc,33494
QF_ABVFP/20210211-Vector/RTOS_C/06483a80.smt2,1,Bitwuzla-wrapped-inc,33494
QF_ABVFP/20210211-Vector/RTOS_C/06d9ab12.smt2,3,Bitwuzla-wrapped-inc,33494
QF_ABVFP/20210211-Vector/RTOS_C/11366acb.smt2,1,Bitwuzla-wrapped-inc,33494
QF_ABVFP/20210211-Vector/RTOS_C/12d184ec.smt2,1,Bitwuzla-wrapped-inc,33494
QF_ABVFP/20210211-Vector/RTOS_C/18a1a456.smt2,1,Bitwuzla-wrapped-inc,33494
QF_ABVFP/20210211-Vector/RTOS_C/1c0666a7.smt2,1,Bitwuzla-wrapped-inc,33494
QF_ABVFP/20210211-Vector/RTOS_C/1c19e413.smt2,1,Bitwuzla-wrapped-inc,33494
QF_ABVFP/20210211-Vector/RTOS_C/20cedffa.smt2,2,Bitwuzla-wrapped-inc,33494
QF_ABVFP/20210211-Vector/RTOS_C/2de67eaa.smt2,1,Bitwuzla-wrapped-inc,33494
QF_ABVFP/20210211-Vector/RTOS_C/34799651.smt2,3,Bitwuzla-wrapped-inc,33494
QF_ABVFP/20210211-Vector/RTOS_C/3a6abe35.smt2,2,Bitwuzla-wrapped-inc,33494
QF_ABVFP/20210211-Vector/RTOS_C/4c61a542.smt2,3,Bitwuzla-wrapped-inc,33494
QF_ABVFP/20210211-Vector/RTOS_C/4ffdecb4.smt2,1,Bitwuzla-wrapped-inc,33494
QF_ABVFP/20210211-Vector/RTOS_C/55c14716.smt2,1,Bitwuzla-wrapped-inc,33494
QF_ABVFP/20210211-Vector/RTOS_C/5dcb8863.smt2,1,Bitwuzla-wrapped-inc,33494
QF_ABVFP/20210211-Vector/RTOS_C/61faedbf.smt2,2,Bitwuzla-wrapped-inc,33494
QF_ABVFP/20210211-Vector/RTOS_C/6f32a577.smt2,1,Bitwuzla-wrapped-inc,33494
QF_ABVFP/20210211-Vector/RTOS_C/723d385e.smt2,1,Bitwuzla-wrapped-inc,33494
QF_ABVFP/20210211-Vector/RTOS_C/73646901.smt2,3,Bitwuzla-wrapped-inc,33494
QF_ABVFP/20210211-Vector/RTOS_C/7de88e75.smt2,4,Bitwuzla-wrapped-inc,33494
QF_ABVFP/20210211-Vector/RTOS_C/8f5550b6.smt2,1,Bitwuzla-wrapped-inc,33494
QF_ABVFP/20210211-Vector/RTOS_C/93725ae3.smt2,1,Bitwuzla-wrapped-inc,33494
QF_ABVFP/20210211-Vector/RTOS_C/97e9ed58.smt2,1,Bitwuzla-wrapped-inc,33494
QF_ABVFP/20210211-Vector/RTOS_C/99eb3fda.smt2,1,Bitwuzla-wrapped-inc,33494
QF_ABVFP/20210211-Vector/RTOS_C/9c7f37fe.smt2,1,Bitwuzla-wrapped-inc,33494
QF_ABVFP/20210211-Vector/RTOS_C/aee6e885.smt2,1,Bitwuzla-wrapped-inc,33494
QF_ABVFP/20210211-Vector/RTOS_C/afe706bd.smt2,2,Bitwuzla-wrapped-inc,33494
QF_ABVFP/20210211-Vector/RTOS_C/b39000b6.smt2,1,Bitwuzla-wrapped-inc,33494
QF_ABVFP/20210211-Vector/RTOS_C/b3a39ea3.smt2,2,Bitwuzla-wrapped-inc,33494
QF_ABVFP/20210211-Vector/RTOS_C/b8211b9d.smt2,1,Bitwuzla-wrapped-inc,33494
QF_ABVFP/20210211-Vector/RTOS_C/b966509d.smt2,2,Bitwuzla-wrapped-inc,33494
QF_ABVFP/20210211-Vector/RTOS_C/b9ddd1fd.smt2,1,Bitwuzla-wrapped-inc,33494
QF_ABVFP/20210211-Vector/RTOS_C/bc4f9d30.smt2,1,Bitwuzla-wrapped-inc,33494
QF_ABVFP/20210211-Vector/RTOS_C/c113c8d7.smt2,2,Bitwuzla-wrapped-inc,33494
QF_ABVFP/20210211-Vector/RTOS_C/c1dbf43f.smt2,1,Bitwuzla-wrapped-inc,33494
QF_ABVFP/20210211-Vector/RTOS_C/c4428e56.smt2,1,Bitwuzla-wrapped-inc,33494
QF_ABVFP/20210211-Vector/RTOS_C/c744ecdb.smt2,1,Bitwuzla-wrapped-inc,33494
QF_ABVFP/20210211-Vector/RTOS_C/cc1a51e0.smt2,1,Bitwuzla-wrapped-inc,33494
QF_ABVFP/20210211-Vector/RTOS_C/cde1b2a2.smt2,1,Bitwuzla-wrapped-inc,33494
QF_ABVFP/20210211-Vector/RTOS_C/e90cbbcf.smt2,1,Bitwuzla-wrapped-inc,33494
QF_ABVFP/20210211-Vector/RTOS_C/ebd2037b.smt2,2,Bitwuzla-wrapped-inc,33494
QF_ABVFP/20210211-Vector/RTOS_C/ef740bec.smt2,2,Bitwuzla-wrapped-inc,33494
QF_ABVFP/20210211-Vector/RTOS_C/f12778f6.smt2,4,Bitwuzla-wrapped-inc,33494
QF_ABVFP/20210211-Vector/RTOS_C/f189126c.smt2,1,Bitwuzla-wrapped-inc,33494
QF_ABVFP/20210211-Vector/RTOS_C/f341853e.smt2,1,Bitwuzla-wrapped-inc,33494
QF_ABVFP/20210211-Vector/RTOS_C/fd4df7a8.smt2,3,Bitwuzla-wrapped-inc,33494
QF_BVFP/20210211-Vector/Aerospace_C/9fd877da.smt2,1,mathsat-5.6.6-wrapped-inc,33752
